album_id,album_popularity
1N7ckIzs97RiLEXWgEGgli,37
1RUBBim9ey8E6Kznw4UIkM,16
5W7bPvhB7XDg4RcHKSWsQU,30
24R9CyPLFa0CJrSZ9whlT3,30
5i6yMY4F7UoOuJD6wRV6NN,43
30zwjSQEodaUXCn11nmiVF,85
628CN0UzuPsstc678cQ5Sn,57
0AkYV0mq8RuPYk07G8221P,47
2dtnXYyS4Qx7CvgpWOO8Na,42
0dA9p5v8l1lxhN8OHMBgu7,17
6LMCxZc1m2uTJ1ZSNwgjYz,25
7twFekZ3zmVFkbChsA42bG,45
4HYWB8dT9bJHIZnVLU2D6z,42
3nD9Oab8M4sCLNmqmwSOdA,54
7fWkqy3R6eQCRYWPsHjA2i,26
5OkHt7JZ6HSkJH359y2H31,53
2GxwwKxtwDZkc9qX15YqKK,49
67Sjm7EwrWbnnyojmhP4KL,51
6YAwLAs71WJtwUp7LEdWIk,47
2HGzxUUz5q4jldJkodIarf,45
0lJQLQcYDv5QUWll4w9TC3,31
1qgfwFnSQeiK3ZjN5XdSag,0
2I0LPpmyvAwnXvCuBf3Pcy,48
5FmADjA3XSsqFx5iSJc27H,31
12s42mnqrEBLF3CAPYJMUh,18
1bsLkHcWAGUao6Z1dHOEIB,54
3Gby5NNeNYkMgAnrtEA3lc,61
3u1f0ziKFCkqcHUQ0AldCU,38
5DUPSEYAsHkWIF2DZ3rXty,30
5n192ghquuwEFORZEtNyLg,42
4OMiPny1FpMBFXmjxsAEDL,35
0PXfnvr4FDsvG0xOWhOzuS,46
7aekza15meYmEZlzeiqfd5,30
57wh3BpvUF2tmvwoGSjUe3,80
5lEphbceIgaK1XxWeSrC9E,62
14te3urxuBTRzhJciMLK0V,40
7GK7EmnHe9MdYTDSKHqMg7,33
6geXPbIGVA3lSoA9CrQGhR,48
2fDJNwprKYSK4ovmRzcoe4,57
4wMF6T7x8NIdD1GQvaNMn0,17
0tUmA50dII1GN946D9lUsW,42
7ssrkaAkcmqRno7FUADrA3,41
4zn2Kj85Hew0USyxc4TJEX,54
0LRTS7FyYLppkDLOZT02Xp,70
0xgBDJbWE9bQwxkofRJZiC,9
0BFDxfalZOnTZ8Z6g70tHH,10
16YdLmhRGsqy6b2RKxIQWr,23
1zzwQXBB4wiKEilH8N3w8M,30
4Gm2qDZ2J7NtLiyMzkSGaD,32
7wG7cketLF1ZzMAPWa2fcl,39
0mRmuRVY94yZmwcItjpg5b,48
4d9FU8GkH1xCCKbfBDyMKO,4
2J92im3sUEJM3pvDqDeS7f,27
605bdzgFy9TSUCMkgjesoi,21
35u7IKBpYEhxpKO86BVZmn,32
7HD93jBvVa80rJxyxDRwUL,48
4Tdem6pnui14BlWLCB4VrI,64
4I9UOJK8FuHBPel9IFMIMT,26
3OSeqyUWmkngEhQTTkdTSA,47
0PT5m6hwPRrpBwIHVnvbFX,71
4MYtX4Kta7FL4NVUE0FYws,60
2amHBpP8C0EUy6yBNy6nN6,44
0Jt2LzWgtGxy3GZH5i2Kcy,64
4eDKBINPlkkrz4AkZhx42I,47
5RMZLWa4VtvJXswpsk600P,56
4AsXQ17Arq1cUVoa9dKJ3F,72
2A4zIVdm7JjHaNo9cop985,61
4ZoaS7O8t4hcyTRaHyD9p2,23
0HwZfZGf6SB9AwwEKi7bDY,40
7g5cShRnbgXW9xwQjKNFow,24
4AgCEZwb23mfr2ML1leIKk,24
7KNV69aOJOmM2RZ1uKUevT,21
52AeC4gwbxDfFlLHgK1ByD,68
0EiI8ylL0FmWWpgHVTsZjZ,83
3SFsRy1gfOGmcCpGkPrUSc,38
7mpTSR6E855VhdCeoPgpCF,51
4zValBgcoId4qba7JiNqqO,28
5yPYingqlUnFfEzbLPtrVS,47
7tt4oeT6k5W3e8n0r89WJz,33
2n9PPXncxZeGFBGgWD6JT5,26
6z0WU3yXP0k3WCWMsFbpjO,23
2otVcTMllFwg2QW6paGMmF,38
7eH0DZ6Y9bInoU0breGFFe,55
1F8y2bg9V9nRoy8zuxo3Jt,53
49MNmJhZQewjt06rpwp6QR,62
0CvU96jYCiNP4c9u8dWHoI,43
5dmYtZVJ1bG9RyrZBRrkOA,61
5mAPk4qeNqVLtNydaWbWlf,56
2s2xll4WA81USky4yHjiH3,32
0Uy6GD6CqvEkWAdzxy7S1x,53
61emYO8kHDuDFWjKS2aELG,43
6O62Cqi0YqOytEbFmeLyjU,53
6hV7MW8zuYQ9skUy0rY2h5,43
0I5Te5Oi0Cbes6nwEe4uFV,37
3BcDdBU8cdW1iaBuWBQ9lk,39
4M0BtPkQfmBqwsDtHwBV2X,16
2kfzI47HqYmRfYtUvQPK2P,25
6O7SMt9EaEj5ReO3qmvpU7,35
2m6SMffE4HsOXmcMYmFcRt,18
1oyF52n5Za9DFmSC2t0KMN,54
50o7kf2wLwVmOTVYJOTplm,71
0AZIpjuxWMjxlJZuGDRO4g,28
18rcvgzvr5DMsPNOBwL5Cz,30
7DodMymoQ0sFG6baosag8D,33
36qtMdwzo4s7lisavSgorV,42
3i4ZYO2l14kCTRzw90JmZ4,44
2LytSeOYiM6yUcEArt9hxn,33
3rpVOHlzTDmFJ4AKAueAoG,1
24xEcefscVIkrmnczzud9y,15
2yNaksHgeMQM9Quse463b5,69
4ClyeVlAKJJViIyfVW0yQD,56
043vgwukOxX7bcL4VuMX10,43
3g16U5C8SE3xYybOaqF94x,45
4SQKEa9QHTVXgEXWuKxaD7,29
0WdZQGmbPI3U7eDF5jACGi,60
2FuT85CBZhzZ8dndFdtwXn,45
4Q0jEtlZc65FLN7L3vGQ1t,41
4JTmjNNdC2d3v1hTpkEYhy,33
1ArdjBMujViOmSTc7Mgb4i,6
6AsYuPRbNJHmhkJZjogztN,43
7eQ4IW0O3Hm0yivMJ3IIru,46
22PkV1Le9P3X4RY4xtmK0q,57
1WwZwdTICfaZI51BIIEN9z,44
4wumIYHuT2WHzoaiR03MDd,38
2km8A0QjXH4vXxYek57n7E,22
0AkbIHMEMNIlknPTtnOXYW,28
0QfT7WOAHM5CPZPL9ci2E1,40
4yD7gN1tajwVdBuLodY5cV,8
7r2DO2kRoV44v9hdfgAQKr,28
17Z3b3zcONkAQFS1GJ6AM4,36
6k0ihn9i48y0yGTIdPRyWc,24
39LWVcWN0HG7SF27UiuW9b,57
5zIkfwywY70VxLWMdUH1Gq,35
0MVMsDS0kofp6A8cbJ5kSH,63
5BoDRK0I6o852G0SCspJaW,38
6i1wCCG67qBjxBNEDakTKa,31
3Fad8fFZ3tql0w9vBn8tTa,36
0bUTHlWbkSQysoM3VsWldT,76
6iMCoa8WkNpHSnRdDuMWlA,25
4wtZQMNTC1O79kDxMBsEan,64
34iY3hgyKCn1EJe6YVNFro,48
6t4BECovfkgGTrtbqmTlZf,50
2miVfa78vOd0o8Vbsgd7g3,52
0do3UV5axUHkROOTkcxr1J,52
2F9oEf5ZfGhYmCvRRnj8ca,16
1xmbcg2PGexcqqxYL3evR1,18
3ofZeSWPHZOE5WC2tNZDez,65
1bZe6bclEpMPDiCWOgpxKk,31
6GmFnWIbTYzAkxcN6Uk5Z1,23
6WUCVFRnXKyw54Zxiii7CZ,25
3e38PrPtIRDGbtbpc6jHrM,40
0TeXdrfFO67UgPpj1mMUAM,40
1JYyYFJSYrXMHLe7Dz1B3W,45
1IKqXGsNprSYlLmcRNOC8X,22
6bok6L2P5SQcpyiSDlzm1K,14
2SUgDf5a0P3u98kdkEBF3R,46
2KWjneqCyMbvEvp7QayR2l,40
1QEyTusbAcW5xMGGvWQkyC,35
02TMQZnfoemtwNM0pojOWn,47
0mzfKEd3lpMnI9Y3I0Os5m,35
57EkTny9UjqpLhFzMO4Hdb,60
2OeKJLLD5jcYMgJAExURqS,51
6wIkkwi1ZFrtXD9z5hON25,36
7s7LLhQVB99Aa1FaiBviDy,9
6AmmrlB9qABCgBdr8SCLZt,48
3FnZTIThL7sm42d5t7pZ1C,37
4i2Cb9v7g9ieShCgf1gakk,62
3yp02Eweqr7EHsg7CDAxGt,39
7vQRJ5q9b0c4gKrsh9yIhE,54
0rKp7KsPDhyl7saBEKGxE4,14
3hJezmiYPXSjbYEsJ0Xu30,41
3WxC9B4azmE7Y4RpwPx39b,27
0i9mOB6mPGqwVvtJEXiwPG,73
16AQyjz1z9rOsTm6iVrBUR,43
5zJ5Hz4a5OACoowuL3x86m,36
78iX7tMceN0FsnmabAtlOC,75
5gHsDs3ofg8qejWBcIGtJv,28
6haDxdERWK3rdVCGc2jr8E,57
6YN8jfCZLngnYeAoaWy4RC,55
6u9JszNMhfmzpwwUr7DHy5,38
4ptQcNe2xQj1RijcuPZpKK,22
62QkcgUQrHs24ruQK0eOI0,24
0G5S58t07MId5oxZpwvp3n,12
75WREsbuQHGUUiW7sIddLm,19
7bNQHQlpkC5uqouwSsQ5HG,19
6YTxgb9rMiCvShgFH3gRHG,19
2uKITXprtT9Wm9EUHIvbL4,22
7cg86ZoPbQjK7wVv3P7vEk,30
0YUmazidBacqOJTdUD7QnZ,35
2FKcfRXY5LYv0pALiLRh3g,37
1oiMfhS7X0MJSjowR49VPK,25
5UNPHRM6OIx2ePeHbP3MOi,17
5jWraquGLoS4pFefyUytmx,35
3dGtLPRCKbRmaHQS2YmdMx,26
6AprjNjK87JcZTyQWHXsSL,18
195q5U3eDO9z9GzsY2xaZE,10
7tZo2dx2IQc8FSKuGYhfJQ,29
2sH6A5CeThHXMZ8ZX6iROz,33
6TRvxALhGHTGM1AjCd61SU,32
0unp9WDXBl9E88Ud5zLw9z,25
6s7TtMHRcoy8D0ipc0wmjE,36
4M5IhzDex16tGtC9u5EZ9g,36
5LOLNALdP8O97CMeGdqOOM,48
5FSETqzUj1EAlIVvPYmv5r,34
5iWyIv8QHoD5P2vIUOf1j3,0
07w0rG5TETcyihsEIZR3qG,87
5PrSA0YTH0wJfXAKD9iwHd,30
03P3mYMwAnR2QjEPrESGbc,27
50WllaBP6r9DWbXDXUxdZA,20
5GuWww4OaildzkmTTlfMN3,54
49ssk5poFZAKoOJcj7PpsD,40
42ZcLRLCaoyGDkgrwf6OmV,17
7B4EGze9lOlYOOVT1fPZL8,10
4fUEhC3uuiTZ7UmhCSdM6p,14
72c0drLnTHGgihMXP0TXU5,28
1NR1qk73skJHCcxkXUTRCh,42
684UmlPbVItreGNmfh8Beg,42
5LASDBDtLLEt3QqVtgOoaM,61
4x1gp0YZRosiMcM0f1WGls,35
1wTqD7FSQ8XgKPy8xBUaEV,45
5vVrfTlAZqwpdCs52MjdZH,50
3KJxMjUnBZu3jLeQTIe6aQ,54
6QdvsNKwxtqxsYmmTlfWxE,30
6kV0NSYFjIMVgkhWRDI0bS,69
7IzNAyOsxeWhKPyNNz1urS,49
4sLtOBOzn4s3GDUv3c5oJD,74
3kh6B7Mxp9Od8QWDLsq8Ap,41
4P4KWs6xp9LBaKInkE8me3,44
7GlMEHJyohBhILSQYQIFgI,0
1qVjmAeHdqEeB2DuyvbTYz,0
5CB6pVh3JNBHQ4I6zQuYXv,33
7FvnTARvgjUyWnUT0flUN7,48
2QlIw88KfFlC3P0nLcWSKs,46
4Wq9dC08uEtSuGc8mFwC3r,50
5gPGMmplcUQMyT7I2FGvgI,0
20Xt1wX0TmekDqvzD0JSVY,42
1BQVdofe7ROnSoaiC9418p,47
34AtsFexhxnKPVJFtLIN1I,41
5WQJ8sVhjbhhQ0ReiilyO2,26
34LxHI9x14qXUOS8AWRrYD,54
7bopw2yiGMnUzXUH1ayvTe,9
1YH0ovJ2varLRw2WJCM25N,28
44sQZjLg99YdsNsPAkBNXj,23
2dFflKqTqqV1m9kyB6CAPE,26
7HpS6GBm7zGZhKTODU8Be5,11
3zhiAPi0l1rxjaA1VBa4QX,13
68wdXsJmyuDfbozV2rDjXq,55
1PYVnByGgRQtgmNbBoclHT,9
6WaIQHxEHtZL0RZ62AuY0g,66
2WT1pbYjLJciAR26yMebkH,64
2Z1F88uc69qMu2kk7wN0SN,38
31pd81sWDaK2pP3ok5892z,52
04HuEqi5DjeHmOhFiBGZDS,21
1qE2FuNGLT0j2wApcrE1PY,6
1bt6q2SruMsBtcerNVtpZB,73
3mMjDi34kU0Bqv3YtWJz6E,0
7Iybusl2TxnH26o3x3lOtX,37
2B7X9jUKwOhDLouk997Ut3,43
763I257wuiUzaZ8KG5GoPk,1
3Se55Em2mSqYwuQLqS7XDb,33
4081lWeHGcuBBpUDlO2Bup,31
3WTPzYlBRlr2wBsDbO9P2J,32
09gAlASxhyGbz8s2hCIPW5,42
3xWp6y0HGsHZlXljNs7VRy,58
2drh7mzuF4RGo6yLjC9CAb,1
6asbUyBJru4obTZOY1PDXV,9
4KjbNbnTnJ97kZgQkOHr6v,55
4CFDO4JYbFhFL6FOkMHJwO,33
6QEnHZniqvybsckdyptQql,27
7DWDzLGhYO99yvQzk5kSJc,25
1Vw2uoVkLAJFVViJ1QyK1D,65
0JP8qGzRVypf5nznOXz7Qm,43
30DpeHhcD3ULEyG4IsX9Ro,25
0OmYuz9hwn1XoqmDaU0yJ7,73
17UgjoRfqvt69cMy5nSWoc,19
4528zWaYSTvviIqv75jNpN,32
1CMRftTwcQ1FjH1MU3Oxqe,15
69CmkikTHkGKdkrUZTtyWl,58
7fJJK56U9fHixgO0HQkhtI,77
51J9pKjLCM1vNWZVSKv0DS,37
7BhMDGBQ6xtZl1LwOwueYO,57
244RMdTt0sxIhzhvCeD21a,25
4XDWk7zU6KDgLaqLxEYi8y,61
77l2jnLwCyD9yvAiDCWadA,33
1djJMOaxq9mdZur8Z0Wt99,25
1iYM4iRUQhMr2kjXchqmMw,27
72gN1rKSLa00sDq8fmGQF4,35
2G18Ivq1mmJNPKtk8rfU0g,7
0lzPMIAYhhUSD2BPT0VQWI,69
6dvqARQzWnVbGym9dEWw4Y,13
1JU6xZQeMx05tLZAkm5uCv,38
2Uu35xCulTa5fA3JnXt9tm,54
0cxxdWtB00NG8ErYYdNwgR,31
2wb8GfeGtwL1sKPzHs0ffA,51
1q2ErTOAW7U3cx1LqucD1a,40
0Yak3Y7E8UjlUGSEn4DUuM,39
4u3piRvbk4dns3RbMla1a2,33
3oZJxpZkasyKUiuENYRSqr,1
1widYgH6RNVOxnLOiVeihU,2
1FYVy6b5R41tMIAhWS6fXJ,42
3X6t27Kq0J2aK7nLFUe9bX,1
5MsxvhXIJxpiXJI2MNF3VE,29
13bSef3QY8aLCYUCALr7Jb,23
3L1NLn5rcrmV4uVqgaoTI7,56
0I1IUXRpjwFj4Vy2yK5K9n,18
4vHbgyJ6Gyt0JPoz75XAJr,34
2UzXIyRas6ty3YF8ctT7o7,0
1zcm3UvHNHpseYOUfd0pna,70
3klUxAiJUGjtLAe2ZAL5ym,19
7hshkVFJf01gvlCi9YcYqv,39
72H8cpW6whqogljyw6ZFJA,24
2AtPEetSZOglaAP9KPVt1i,32
7qgyzRIP10SHfnPGlEL47M,37
02YZvXUwPEvxb0YLdI7oEk,38
6WqDlSi0CRDZWTFjPNxtrI,35
77Y8CNKqMSmySV4Ja8qHaO,56
611LjdYsQvGXLI0pCOrmZk,35
51heTwkSfb4Z5dRIgwU2bd,45
7coOKcB1fDcYvLG1OTv4Dz,42
12kK92fy0HmlqP9ZV8W23w,44
2LVDNOUUy2g8517ZEtQIcK,71
79YdrZXt6tBDj4i0Y4gCJS,35
48mSkcRUZ3yUqbiC2QPE3E,38
0noR7T69B8RDZ71B5VIIrt,30
4YKWpDwRnENw1rq4TdEf7Z,37
3HfF5JwfEDokXfW3NvY7Cs,35
5WupqgR68HfuHt3BMJtgun,71
5u5AXYtYIxnIs4S7K3xHAN,40
1vgbn8ng9vcpcEM2k8omzT,0
1NZfXehwnpGrl6kpDMdozz,39
2pIpBDT8RtmJ5Vhb86BOcd,60
2wFXfMp1SeFS8SevNCElYv,0
30Z8iNjcWHyF1DvcXfi4CN,30
7L7QkmT3PIgU37NKAO6xnQ,29
7sHrPadM39466NY7DW3s4r,50
5AQdhXDCLTUZNHYH1hMIdF,55
5pYyzn5NVbi1na3l6Pw75O,47
7udRpnIdi1SS0oaLFsVwrD,45
3pZVniVesQZxr5kj2xvUSz,32
75crQPGL05o3k5coTV5ivE,17
1WPSvjKzgjyse929PO9g6i,2
5k3SJlcTe5aDF7gDkcBnOL,58
3arNdjotCvtiiLFfjKngMc,74
2N22LyYFi5n5K4wNK99gOP,26
1XGw3V0TdlUlEtEsyTP2CI,6
3T7bNNnQ5b8BgsaF43jGku,52
4fnmyznELge41MnyNpUp78,50
6CJgkqgVCMBXK2UDiNWdnY,8
21Z00Rt15tDCUM4mStVNKI,46
0uXg9mAgLJmYziutxZ6MJQ,33
63FlYaIy0oT8gYdCxBqBNe,40
6zPGFGI2VVFGbiGTlsI237,28
4YBGGd7KYurLSbc6XKDnSO,47
7m2yEFYxnjmEyq7IXa9sXp,53
1V6nmlYGcUbCOfzfhofGPI,47
1duYR1BKAr0ZNX35kEnk9Y,31
2snIy07hupBGM5rLYtgImH,48
1bx7sNUpVB9fQ7QhcVZsUV,39
7oIv9TqSXEgFAhv230Kblc,24
3ikMmpjQ8lDqeDPwChZTSM,40
7nTPxuwbQopaWk6UBAcMrT,7
2CRK0m8Xbtol47aceC4zXq,0
4gzxCLUSK6zyNNOeu8pJlm,20
2wdHHEDHe9dw71xVl1EgJZ,43
5Sy2HSW8tHKGLKUsnhf9nT,29
1vGI90FqQestc7Zw6SCVg1,45
76fF3MnSilSrvfW1fAWHAZ,47
2coXvs2zYk60U9Dd2hm6St,54
7IWPPkijopGVrwWXRbmQKx,45
77Qcn4aTbV27aarq2CHrGb,43
70kpGi2o0I7NY4DfwIN2p0,4
5kwNgeGJaXdRqbH3gTdHrT,0
24GbGX038jKJdzZ0KGAIxW,55
2nBnaZl4NHAOZWjB1V5GbS,37
2rZ5v2jZlai7Us2ZPhKvRl,1
0GtP5C0gsYAVubcDHkCpai,30
28FKHnqadeA4C9NhXaQnaY,30
6ggoVHjrshZtOhuEpHjOXN,31
68eenCTSYqlwSBe80ZEIFE,48
1Cog6aZ6NwnJiuINc0LQEU,39
4wsyyLWO72hZ39U6hrl31A,46
6N4Rt0WZfDHj0PKUZllzIt,6
73USNxSgFncLAsOAWfIA4J,42
4zyqNfmTrnvUejh8M1IEh9,56
6DBqCOLm27Or3TViHbsM48,5
0vLJbkcXDXkSar4Hmzn7kX,0
7aPolrSqVawIhC7iTo2b5F,64
7cdtA63N0AxdTjubtX6h38,16
6ga3txioAOf3rqEUtbzSZW,6
151mT9g0fDHVfpmWeYk4Wx,46
7FuXUobpTFPSCldrdU1jaL,27
6TgkNOiJxeSkVVbXV720B1,63
6WgGWYw6XXQyLTsWt7tXky,65
08tZq3FDsspdU6ycn8Jl2o,44
4GSRnVeNR3fi5XeUxX6Lqp,16
6hXXKsVVTfDbRTEuHaInI5,44
0ig3OpdRZHL83s6FSctZ7u,7
4UqQPjkCRNr1VDqqHnMTQ5,19
6rzMufuu8sLkIizM4q9c7J,73
1p6cWoueuunhpgy6131zAd,55
0bZtJTjE90SXIW0PIChpnl,0
6LJLRmAT69fL7I9Rf8hjcb,44
5fMlysqhFE0itGn4KezMBW,56
4tUVkNYSFrrEqqrxBQW9PN,49
7J84ixPVFehy6FcLk8rhk3,57
1WiKAuQmbYIxDv2UzMwrBq,44
3MgxYZnMKKAZ0FpWIshRXA,16
3MAaPc41qaOS2b1fvQbihk,38
1ZxHhvsejg9L13FVHrt70H,32
4U5EhQq161gJSUVFaEgrGA,37
5vM1xheXmpSdP2x2MeL3oF,30
4TGvBVWFdYgARvdajEfAkU,45
4EbDqql0TmQPSDaSgDnoEZ,0
5AHWNPo3gllDmixgAoFru4,66
5hhiFP1t4UhkI0JL397ogf,25
0FpoXXhnwamDJbLSWLRgvN,47
0dEWqk9rBnxsDMccGmZRQs,15
5EBEl5i1bxnwhf3r6gDiJF,18
0sFuW4rH5mFZUjNKnckO3v,62
6N8uPmDqbgXD3ztkCCfxoo,75
6he529CzIcZCnJnakpynUP,7
2VXkgdiXFunIO581a4vqcR,51
7bvmGyFDwpHNRRRZJ0AHvn,58
4h9EUsDMvwsUdmXEvK449j,39
5J9PhCTsvguuCAEMnxlagY,33
58scwsBZ5OGrW09m0LyPfz,27
7BgZb2snTbs5xpRHlQ8VYt,32
3xjBSN9UBdB5E1x7CBXUbg,13
5s6aGKI2wpPxegrhLXmGIG,37
2jKzkqQ2Dkam6bKbzUuegq,25
3GWAJo3AAQVbQjaBVgEVcn,12
3xTy5AFpBDL2qzWoZrNtgz,15
454VGat5iW01CvFYy8FCIZ,48
5u8ri4s76Ew14IwGOJf5hI,50
5EJAJsaHhQYLwVbynpcGkD,43
4Mft3FkYzPHdWTmRW0yS1U,38
10jKkqtTI0cblOQjJfDUpt,49
1VGvTFoXV0nWpXxz48Fvve,29
4Ys4Dxj8SKCEJEmYmmvfOE,45
6qIwfra0xlNj26wO5QBF3z,16
0IowWSGO7Wqot7FFmiDaqy,23
6Y2VniWR6cKbJ7IQwp0hdS,30
6WgLRmwO5Kljv9GjDiRHnV,0
45CvmoLWs7OKLnWr5kBR9s,5
3Xyo7AYdvwrCQlva750d2Z,29
54MivY4zY3K4xuS3z4iNB8,17
30UnEiQmLQDIQWQ4M2mtXe,10
4gJhrwfEEdIkA5ZPjkD9bG,16
4S5ulqHSWPnv2wS2BRptMY,7
0XbTPVOgyUufGk328p2oeO,14
5Fd4kvA2SC7lGl3MR8kd80,0
4ZEbJk4ytV7Y9BAJm7pqqd,36
17nT2QOQmMPEETOsNDK1Bp,39
1qSGvtNStL6ELifn51W1va,21
0ek3Sau5tGwOmwQFAzrx1M,36
30ly6F6Xl0TKmyBCU50Khv,75
4IgOdmQIePsO2r4BcbiQ74,29
2WhtBcrSznou12dcd4YPnq,21
1jQ8H7Cx5f1D3MbmloYas7,19
2e7LQqvJdInqGHnjEIsAaJ,25
7oKlNm85XiihyYEayGuWQi,19
1LkHkL1oSK6BvhDe76pLx8,5
0cmEfkFvLVgKhLIUgGhRG5,39
3OgGt3eggGOf2pXlcqNHxm,21
18EmUT6HUFTWIWhYdtjxkJ,18
0h75o5T2hxWKC8a5167tLg,26
0xteUxQ7OUNh6WsGMpTgoZ,0
71W9z9hP84oB6zVmQdRrXW,22
7GLlgqPRsfhdQI62aIxIgI,8
53JK9SLZCpbiCzNfcEGgHa,27
1O5WUh9KsgHT2QaUCJeVPG,39
5wKXfInna4rPKYVhdiSgQA,41
7DtNIDD8b1fN9YO8abZgtT,26
6tGoTJl7ysugDBMNCShHtL,18
3D7BbNf0UCwSPHNkUC9ize,33
0BMnEJgFLGv9lzu6tfH1mW,5
4yWVT9lEftVwrGYP4wj6lw,47
57263zG8Md6XZ9lBUPPYCm,55
2dJCC5WZDKqQbXmUJeLe9Z,69
4IwODpNZKFYkHWXSeWMGmP,57
79ONNoS4M9tfIA1mYLBYVX,80
2itVxfPOWQrHr2X27J4ZhG,53
4UlGauD7ROb3YbVOFMgW5u,81
6C9WzlQANeoD0GW5B41YJt,62
1XFH6BXEGLlWiDJAoEonMV,0
1xiNidE81opErvD3TrLxQ2,46
62aU3aPAzizvBjmfD88lu6,10
4fJ9MKxJKIb7sQaSz6LkvY,14
1aA9qnJT9NtySZA16RHkCD,28
5wuxthfn38zXXuN8RlzOy9,41
3qRFE4H8j6TDlvGr29FfTN,17
6ZPtCSc80tQNjz0pQlomuy,7
2IbvLEWok7hbkf5BBZaYBg,47
5So0sPYfpNBhyNpvQOjnVi,11
5YOlo3YMHhrPThneXtKKeT,5
1wn9NSJlxVz1nSlkQsP7QJ,36
7AFsTiojVaB2I58oZ1tMRg,62
2fNMMkFqA33123gVSetOSU,6
0Ta5KqbhqsFUBI5MfU00Qu,12
4hofhgHoBQXquGsuaELmx4,33
0HNfg7Xi8WFH6Hmt002eOG,0
2pAXyc02IaCw8JOPjoDVLM,0
1rDjHlur6uZheIHpBdmLEF,31
3m0rxncdPUMU6tFcjcmizW,0
6kOLMQtok9ETuuNCN6LByQ,40
6WMl9fsVTQ65eSTe2Neqev,0
4Ju4z6OA25j2MuR94WgwgJ,0
5sJJC4UoKTfJaW0jO6YYCG,19
6nuNgD841boUffjDiI8et4,55
19CdRE2crueB37VIhTg7W0,41
2sX5EyFBtC1m0t2aSQlVZQ,9
3F68GXqZpnKrix6HwKUUEY,12
6RbXG3sJacB49swv3HliOg,11
3o556UhgSdM9OSs4SpWlCQ,13
0unsYxXMMsYMQB0epWjPu0,46
2G549zeda2XNICgLmU0pNW,56
2rmPnKM3T64J7Xz5TEyR0c,44
0e59aDltSERCndLyQwiBlb,19
4NNq2vwTapv4fSJcrZbPH7,76
3hD7HAJtGLF5BYDriRwbkZ,34
7Amrg2WughWQXMEmUfjhl3,38
4Y5HddfFNFopRAhEbXuUe7,9
7AGOQzjucZUSYpaojAG0HY,0
3bYMVNcOHLDv2z6yWEl3yb,38
2lREW5Vbyy6CiNwkN6JtS4,39
755yBlrk0Sz8tIgMMTgyr1,52
07nBld9enf1PyRysZAVSqJ,60
5uRdvUR7xCnHmUW8n64n9y,62
293fiOBI8WMvN9M9X3qv9T,3
2noRn2Aes5aoNVsU6iWThc,71
78C99zbd0p19B2OmCKVbaN,30
5ozbzIBv2PnIHz5Pgv5xfk,6
6088Sj5rAfVFzUxPKDq6jm,17
6o86bV7TAt5x4exc2qLDqC,68
3iDLGLmecmdkmdxYmuol5d,54
7xni0tZQ8q2rTHkIeBYr1Y,47
4RRWbTmBBpmf43GbLEtlTR,31
3eHNdHMGISbfsjN9J4USOm,31
28ajXoSpiEOh1W4neVxxgS,34
0GJH6shkenNdqkpGdsY8aa,44
0aA9rYw8PEv9G7tVIJ9dKg,57
0WHck9IyWpYptoKg5TAOIR,27
6w9GKo3Bv9sFhqc6Y6whUY,27
0GY2LOgXecSnpqFTLxnmhb,11
3Te13135lGvz8hu0RxdLwS,8
0IkcCe8wwQG6O0PPHmlwkG,20
079AdoqJO9xYz56hQPb6pz,28
4e1bF5FHt0n07req9vRSQn,6
3GBQpPkLUd80uoyhX6AcUI,0
1R8kkopLT4IAxzMMkjic6X,53
4plYYFtWKeIWuaeVIiTyPy,13
6JrMtInqTjYhtCa5AishTs,13
2ySnEU3lrXnJtFTcNCtpNF,8
4l8HTiPwY1GrY3WNUNOZ8q,32
7jbQpUfZHTOyTHuNpU0sUN,13
4Y0VNFTBjcCBcrJpsg6LNA,20
5OoEG2axfMGY44nUNMayoW,46
5TRfUURPGPaoAl7lq7NB0W,0
1tCAbCRfFmq6SJjklzryDI,36
71iqkeqFNSiCgum1gPfeZo,44
1QsB3EL5GlJ3MKP4LOZ2p8,7
3krmis8XpyRrEGKQ4LXRf4,32
1xjT09AnRtNpNUTI0vOGEi,33
4Fd7lUvMzc0HFeaseDZaO3,0
0VJv3jujrhYMsfiTO9F3cb,12
0URZfqUQlB4JreGiq1KiK9,44
4dVxavcdnxTHyrM4U5U0kD,27
5atrOg1aO4d5KEcYo4UBIA,41
54HlnxJS63kUPHH144QsDk,26
0SFtIrRytNI4kcf93Tbhdf,61
476NL3NiMsw9ptdw9j7oYd,0
2d10S3TzEDbCwxnTSZH1Bq,36
1WShc5v8qHQF0uPMs7FOdU,27
4wlCSu49JOHgOT4xAPlLto,16
74OvK12g3Vsc3cfksBoX7C,27
3AvlpYPO9aRazYSvQh3mvz,14
1VKmlsq627xxebmf53jHME,39
5iup1pzVHKxaIArnwIAYiV,18
1wxMJqso7xfb7IoGIzuz4B,14
565EdGwHonCa2Gg0s1BZye,0
2aApNIlo8yWlCk6x899rhY,30
7nds0PbTtOhcBjfky7FmDz,5
5D4DjxpROByDBBVtZyyA5R,29
4UcpKa4yD9AA3iEHI8MFSF,51
2zQJvUy9Cw6BGlYBBL4f8X,36
3AwaHIkIHRW92foxOPOcJ7,0
1SzuRFxlqSZTIWUEE587Oy,37
0eBsV99mKaO1uMEBi8n75J,14
7KcclOnM2pTnDtb9ByZV7a,11
0BPMNld8mBFvWzuyj48v9y,0
5u0OuxRnf3FzvZR07xAxL2,64
4ILYt2i3qJFLV9eVYjfxPB,44
0fPscUDHOpLghHK5bLXqTB,16
31GMSYmGczriDXzpWt14Xm,5
51Eh5swWIzptOHAJmuYkvL,0
2xwO3JeOSSCSwFWwNkmP4O,0
7rd4PorIOPjPTy7qdUeeCt,69
4J9gt4YOazmavlYw4hMrfY,39
56EaBbe1nuA5GNfn8i68O5,0
6XxwSieoB3DO5KKZKaheIV,0
0r6tkHiSV4jH8EgjbJFZzA,0
4AzWT0gVzSs1NwZnuFPOlH,35
74DOWHisu2jlFvPid9YTGB,54
3FuUAqCQSDPTt946EKETCw,18
5wK9re0Nwblt0pAJxuvQ8W,18
5WvztQo4j7Faf25GIGxSNW,0
4hQ3sSnNbckz5zIkOMEQ3J,0
4cjTxzE4Hc7FXBV9CZhAnt,22
0V7TZQmJBgI81M9Z7GWxCI,67
11JBwHJ46uZWJAKDuwW4OV,35
4ULZQ9FSHves17opLZzgBe,24
2dIGnmEIy1WZIcZCFSj6i8,73
3zsH6IvqLVtTR4XuoxL3u4,0
1mjbcrgdY8PNeFDGBLsa55,27
2yxxciiP7cj7fcuSx6WTwa,9
0gvs6tpyGn2LuvkRwmMdAA,36
7w4HYQplaz3uezp8tUm9hf,18
3fsnW79AlDwj2mF8HhnByU,36
5sG4aODV6qWPX0J7omBcnC,42
2H1GWJqfUgVKZkzFyK8dSO,0
173jCDoA1pArfdouxi1kZ8,46
67ll9vOLmqydy8lrHVQFKo,0
729Ja1YsqDHtt4kVh4nP7J,30
15dcIdxe66nPydDv7SXbEH,0
6btV6MDYhXZ2F6ZKKUfvdh,38
79XH6ehMfUtAQW3vyqdxyZ,16
1M6ierIXoblyoKVFeffCtr,47
0SuFqlCe5i30Fr75ZlPQVT,58
0YYDGaExtlLxMRFkm9uBr4,4
6j5o8XL8FsKSdF4WsKix9P,13
6kgDkAupBVRSqbJPUaTJwQ,70
0qk4ovxWz0en2H2HIqz2wT,34
5gEUjiNfaVse6oloI0c6Vt,0
0bI8EkjX0m9HXgbgZOJPi5,42
5ZXeNkLgpsyT2M5sWjNEvd,20
738tzoOwrRSbcqJRlsacsP,9
5ZiFsbS4RLFZVyJRN3Bmvz,30
3q5CZdmVxP6hE0mlBcYEU1,6
1lulYXHFBSYd8Y1hbaPXzE,0
0wFr66OjQcdxaEYg3mBbxj,0
7HPjcPD2cr8E5oHvVAmBp7,53
7Jr9fNx9IYWRgNmllirP3H,0
6oUVSFWOhzVgof0UWP0M2k,32
2IDeHNJEmYrS14aEFCYgpN,25
5vvhB33PqaRiwyAyuUWqjM,24
5YyjDyK4IMI0mrQqP8CmoF,0
6oa4XpX9fkpbwgDHPeXe5O,22
6X1IPKL0AS7twVPLOKxmZJ,26
4ozCnz5vaNFwqNT6WHxrXE,16
6s7fxyti4CJzkFo1KTdFnm,23
4i37zBzxDyFam3nhhFeoPj,29
6nt0t5B628vYKD52HlMrQv,0
3eUxhAFsXxEQpNjJnb1icD,30
1Fjr1raP9BWbao2AagOokN,37
6Fa3Badzi8JPKmz0iYnoXi,25
31Cu3f8Ao0OyhcIVmSJZmV,22
295tEha2pcWbtkGIDredaZ,31
5mVXKS05z5j74bpq26mE6E,0
1C00Xn6aXVgNRwUkXmMUvi,14
5CNkf7rD7QiaDetdQasroJ,24
1YhbfKnjrFgnYyWz6cn9mN,65
0aoOdlpGLfNCUFhQu7UIs2,47
4sb0eMpDn3upAFfyi4q2rw,58
19bQiwEKhXUBJWY6oV3KZk,69
49fbPr5Vr1iCUalO7pMNlW,10
2zQU8VDEKy7xzXE8fZV2N5,15
160dXGfcUS1uCd6OCa5G8Z,7
343AqAEz0Y1UncCPNpo9ZN,21
6rjO4XZmUzvZEEWh2usVp6,15
4CXHHAADr9AdpSzrAoYdIM,38
3PdVumj52Y91JGimjtAy8k,34
2suR5CCbtL2Wq8ShFo8rFr,54
6PkSBdx19zarn4ae1D08gA,55
7KtyUeiJidoZO0ybxBXw0Q,61
5LsyqeWryTmxsmda4xkm5a,49
42rdDg3nul8w1TIhDFsRgx,7
3R9KTFDBhl6SMgvOsObKUb,15
2t9vfjymCbYrJo2S1q7Bn0,0
2aGFVLz0oQPa3uxCfq9lcU,58
4iCc7ZZe7evNTB0tAyhgrl,7
3FXUcHpYHCNNWavMiMC5ny,0
1nGxikvSA7dmK9r847hyel,0
0EdtTRCl3J22AnWrNpH1w9,53
1cCAb1vN8uUsdfEylVmTLs,67
13zS18xkaZrOUf2HGWLYQj,30
392p3shh2jkxUxY2VHvlH8,82
4MrKBHqJfxOZicc3H5XEbn,0
7nxYXN1wJ2PsPpQI09abMx,26
2f91XG660rR9o9L6y0zAEB,0
6QttcoRAAKse6CODVuHerf,0
2EfIa1JzzYjckiiEbtM7g3,0
5GUY5Y6ctdYshM1qHzWnDF,12
01FbS48fTFFKKGLwcswfiv,26
43UxtrlctT4d1CkyQG8Sqv,0
1UkR1cYAupeNqsxlsGuj7B,19
4fdPrKEoi5L0Fof1Cyr492,18
3kYRUlmKjOFqJqvVervA9j,0
54ntMFY9hKXEpAiE7DjgOA,0
39n0KUQ5avcVJxrsaaWpQb,32
7MreUClNVIul1cGQNPipYU,0
2tiC68TyZB5vTw29LFl07z,19
5EL05yBpF4CG7URBxCYb0w,10
6bSlI8rq8NHppqoDAiTV6X,0
67kl5m0df6Bn0aSe3g5Ea7,54
3NnGeD4rLyOOzmlsb2ZLfO,21
0H68093zjOaA05bk8GiF9D,0
1atjqOZTCdrjxjMyCPZc2g,11
7k0sWYeRb1VDKDjdMOJBOp,22
3Vp6V3zJebw0OW9eTOC7rn,3
5t66jrX73UTVwaacUZfXjF,1
6OOhE8r29K8i4OVaboIYSw,15
3b3b2mY42N62Gr26cEncx6,19
6AwciXfJ7yFZxO4roqHgfG,7
5RBlvloGTeTA76j2m69WC8,3
50URmS1NA1bX6FM9Oweu1N,15
5eEjek2xSFxEBDLUlfbdLv,0
0Jm8wziV1AAuIRrcSMdBnd,1
0dSVByJ7AcaQcwXX55G7Bv,6
37rNuexqEXWeSIOiJtn3A9,58
71w3dtzct7kJ7wed9yJtOQ,24
5eBoC9t5tgR3S3qtTtKWzj,20
7i8PuO6HJH4x1f9PSd1hvm,28
1m3gVv7zzD2zmy7eoU9yXM,33
0x6Os07PLTtfBsiTsJRq1d,39
01YaGa6qd4HjIPjyJI8mpb,31
6vqY4CxUewSHoLPi2G0s99,34
0b9nMHBKVfYRNRdLZeLjnB,26
2o8SVMlKJGg5GX1BtKkm5B,14
4XBYRpTCJiwgBPbtjMFP1o,38
4oa2hZ1r8L8Egf9ec6ncCM,43
5jynqY8ZyDoeqrIfYSwF8P,47
4ZBeTJR5MmMZpqTNEN4AQe,3
20kkg1pkC4NQ5mpFZcVINm,18
7exs0W7HrIu3T3oR0kX9oS,17
31qVWUdRrlb8thMvts0yYL,74
6QCJavotgf93RyAbJXvWlL,49
59JNcEwaQUyC2xQzBJTHF9,48
5pArlRpYhtTZNBkhvB65UY,0
33ZIG2aSnfDw4PsjvINRAs,37
4cwOh2TV6zMqzp2zBP8MdS,0
5F44JFAn5cKBkuDUZGxxuD,31
1zlv4ZkmrsLYHiFASKcaW0,0
6kWIPxtAyRlXsPHPpJdvbw,39
6tQSndkw5ajwFDt0u1Cb1W,31
5HMMIKLIhg51ObQNvqdj8k,0
6GNDoinoIqBO6MmzMCxKPA,0
70FGsJuLXPQHYdKmEZZFq9,61
5SdQFw5jhrirZdhFwb9qG3,24
6xDWQZ20oAB26Aza1C0EbA,49
6Wg328ukDRFnQWgqjRjvHr,34
2jdlXlaVlIR0QHxhCQbQmj,17
5lIZCYCOh1I2mllASZ2k2j,0
4M0QYlDP6vIlrPLEBTZOFz,0
1vA2bu0ffT6iJS3oDkBtzE,24
2GIw6fVZyqmJjBxehnPYwv,26
4IZtfkdzACIDkdBXq6N5vH,40
0AB74hW385oT8gxtcu9R7O,22
4F5OnBWfJa7YfjRZ86bZc8,33
4DUmxqvkQn3UJgDLjlYsyX,48
17EANLCoErHdo9FpzMx25q,60
4vYag01Wn4UHjtlWbz0Nn0,49
22OXpzLJTAeZus7DVZmIds,46
3VekjWskUut57hx6W9wqL8,71
56Z5er1cgYmXDuG49B953d,35
1Ghv7iViywM23K8BRFggQv,59
4Mu7aaT2AUrNVL2WQ29kAk,46
6CoeDRu0SmpFtLZMcRTO2F,64
6zpu2C7qPjXrhv5cyuLNZn,55
7g47QK9nosKX9B2zdd8yTs,51
2ta5ItEJ00a6xgQ601xgSd,54
4aO46CyOYUGvNDG46rDdtj,0
2zd6YQN1Y6m8XMpTWsd24S,6
39qsmsNRXjVaFqTZj9af0j,66
2UJcKiJxNryhL050F5Z1Fk,77
1JDkIxq4xRW7ySH89sGflc,54
5AWouw8qYspux6tH4epnMm,39
1xPDNIYCPt6QGlEulPZHlc,16
4gaNWHu5Caj3ItkYZ5i6uh,55
4sYfLmgzqy0enDlFDHo9Ih,0
1nvzBC1M3dlCMIxfUCBhlO,43
3L4wUhGelZ8wyJ13O1jerU,38
77Ie9frENeQwYUGHrrS0pk,42
1223HNo18fRbvEKxMgiSa7,38
5aiVh2cWkdBQR1l9my57Zp,0
2T64N96AVfsrRFJCUXQEoZ,53
1wDqXn3xaevYmKx4ER5P4H,0
2c1dSyxxTwetuIYUfWky09,28
1OKJNHif5s5NzcScX4ac44,41
5ydGen2aXGjy4rawJIKhe5,35
3keN6UzqERo6ivsVXMhmCL,18
6uecoRvQc3nqMVgZoxrEHK,34
45n9habqvk6ZLFxpGj2sjf,32
3wCe8HjHk6QNGcf5D3jgW1,66
1ZH5g1RDq3GY1OvyD0w0s2,71
6om5wLwMEeQcY1Uwlh7Oel,39
781cKhbTPwLnPmo9BALQl7,67
4E691gbRgo2Zb6ToII2DWO,57
3O65hzdA3mFJLJ30orAT0q,19
0mKtPZ9E96U6gQX15cfHto,24
5FZVyladxCKpHAAUBlLROE,28
22zpCX6Nb9ppOVklalvGec,59
3hDxbjNyiWDhOFBXSThxVF,49
682pJqnx8hcrCfSjvyNBki,44
5qJ0CnwfIUUgcKFdrjRP6v,3
5g2FfZVMvBqRmuHjNsaf3l,63
7Avi8h7vv4Ustd6DsN2jYx,2
13PiGMs22YuX1kq7w8WNGM,53
1j2uX2CKl8szGRxKqsXOfm,33
0OstemuKkqQrvIieOxmQzh,33
2DOiha5oI19Dmw5M9ryHD8,0
6KyrXenbN00HrJscGWCsf0,27
79wbmlFDHFpytYpuUx9jDq,0
4HFO9PDRxsdbcegkcNhxgz,63
5oYObkUoxoZa52Z5FdzjPT,36
2IzUZlhtBvPQYs74KeG6fb,60
7hTmy5ipq0ieK4DZZqaxml,54
36nDwdvBHoJMIZn0wzYWrD,42
2w4bxNOt8ZLIBaKH2oi6ij,51
4bCsLPQuCdQQBQOLs5MuNr,46
6a8GwYiEMrXgMvZBvuBXrt,51
10b97bsBHwOBQRzwAyu3jZ,0
3VWEGcJb9jdkTSKp6Yb0Mn,9
0xysWAoUIqQuWiQ4Qdhheu,0
0m6qcHiTAJA9RC5SOHlGQY,31
44Ig8dzqOkvkGDzaUof9lK,71
5dLlIgLBUt5BMao2J4HXDv,7
1zia7SB4jEGQVE4c5qphZr,0
2hQ82KL32Rbb106rS9YdyZ,32
6gnNCtxxhwKTYGIDVqeMUd,51
2EJfEUh4dS9uCD3xhvO0Kv,33
4u7EXBnQVO2LOhDiziw70R,23
24mE0f0UXWd9YEpmKC3JtJ,37
6NfykVXaIiJG0JkkNI3Ubg,53
4KeTvCYCel3Ky58FirciWp,10
6TQ8nqw43uUOWu7Yqp58ko,60
6DXFQw2UE8kU5MBfkpcMgb,0
3SklHlQWmxoeFj2k0q99HI,38
7ixoMIHFujDeqLmaGLEKqL,33
0hHopYqXhuvYSHtVyrcb1g,70
4JAvwK4APPArjIsOdGoJXX,71
1sxqYNzozsrgu0Vh6jQ6Lr,60
7xl50xr9NDkd3i2kBbzsNZ,74
2ym2jcqckXqWeTDoxz3Kst,62
5PkAUwhhB5YGgwnvhy4AC7,46
4Vx5O7dj1bkwExVBC2b7sE,0
6JMIqaY98bkYw12tDdUwOi,19
00jEmmiHzvsIWK1Uepkoga,41
43uErencdmuTRFZPG3zXL1,55
1ZuQduJGh0lBynUsfzD1tH,47
7LRGv7pDjDJtqhThkocBXZ,41
2OPcQNLP8DQVumD8kBRAH3,63
0Xm6bbsRBZq7puPAveJF0a,33
4ZhVgoPq9B9emWRsMcT6cD,39
7ug9NiuM1MthX2D7MStAkl,26
37cO96e4Z02COry60xRQhx,33
20WuVQc0Fwu3qvX6MtYfJY,24
2DTcOvJhcTPDoI0LU7zE18,41
5zS1u2oihFYN3jXgKh5lAC,49
1XzTbY5pXS3yX1WRS9w0oC,22
7rtF6RdFTI13m1Lvv2jInv,0
2oegpcBiGzsD1JBXKZ9nWD,46
0qIZBtLyjOz5WkFcTfvhKj,0
6g3H4Su4jES5zbfY4av4Tt,0
3FCpPAW2Lyk53utKGBVVVg,0
31L5Scz16GaYSHKa05ZBc1,4
5fjjHAxUCbr7Z1Pj2flqHs,47
1Ewp2Mx4ZahednRtkMR1Ul,6
0fL4KIHFg2MYV95x6n8qyo,18
0QsTRgdl6PSinBK7sElqun,41
7N0NOdgLGipl1NkihPBUPQ,30
4IsvKtWOhpW3iutOJ8pU96,23
1I9sWXHzWgAdpGqkPwkSHW,36
0XxLqWttW6u6vP3Yz9Sye3,31
61BlqT06XGQru0OpAL7Enx,7
3MmQYoMTS3hGiBLKDuId4b,24
5plHekIiphgTChKLttY5P4,0
5CngCXsOLcYxR6u174R53e,0
3mH6qwIy9crq0I9YQbOuDf,84
6eZdwrhB97A3EYx9QppGfl,78
0E5IKYhiKgbYQkmfsFonbZ,66
4POiurFeB5bDsF9yBwOxbh,70
7JN4bDXgC4mDcuhghlFBHc,54
3gN1nwpbmzQ5t56rAyE6ww,37
4BwfoXhDqTfiGS6pZueR9g,57
5D4AG33dB7mgo19pH5VWdD,0
4X82sfwbHWa8KFz5Ik1tRX,1
6jnkEgtcxePHtbay62bota,44
05LkqAqiTLhegSC1OA5Wsi,17
2M0qfscpne4nuNOXuLnscs,0
01cpAm39gcrHpRwb6HHfpM,23
1bfMUEXAF0cTEh75jdVB7k,16
6Cn4sBJRdjOhl5201IwAIF,0
0lj5tDBUt1i1b1Llobu23M,54
4zHQFd4DX6xNgFMaieOfpl,19
0DxR24G7m4sEXrhlrsillf,5
6CKsf8Mij4FW0Yio5RLEsh,21
5ssxOLX2DiuNolOe0P3V70,37
4LPLY3xvzleEbXukb8XZWl,0
48skIVXWkrTaBLrPckuB6p,24
4fL2WmOafyMnGU9i7svCLy,0
2kZyqn4Cmr78D74K9TcO4K,62
0q19TmDISPRbmRIZJyrEz6,37
2co62IYJYAQNsccM0RfE9d,46
0GFf0TG5bjP15PXW0RT3zI,30
5B1f1QwqbRhjWAExB1sofe,48
7Fil4ZuDB04CjP4GDT1Lxs,26
603zOEkZnV5xw6DbXqAI12,30
78LNduSEuPG5MV8lHO4PJA,26
7CLSxW2drmLDpM0xFxKyO3,13
5QPYYcI8rmWC47nNAtOYj8,38
2k5tKYlTM95TerGw1fsEvT,34
4GNIhgEGXzWGAefgN5qjdU,1
3ilXDEG0xiajK8AbqboeJz,68
6mUdeDZCsExyJLMdAfDuwh,79
3TtCMt4XLddj9PQeVBfsK1,59
4xq5PKsdmun2Tt2BNBwfQP,16
5YO9PAJkOPXXzLyNDiGqyR,29
0bvL1LE6IpmrW7NqCVdhFt,25
5c2AzoNyr46fCQM5d8mxE0,58
59GRmAvlGs7KjLizFnV7Y9,66
51oojKznuAmmbqOYCQK6G9,0
10x1NblWRhzz5QgZ2kth5X,34
3zT7DYhJslAgaJsxPRcevu,30
0qtA1fEpJAvz8xGqUESxHU,42
1u5bwvQM5TFRWHTkWBCeVq,27
4Ppkmt8Hp4wxyy3C2zKvGk,15
5wnCTZtzIZxasRSHzI1JeW,0
2H8DZbIIIzxXcWmX0XSs5W,30
56nVadPbdCs1yGB0AtXSGp,42
72D0SqH6YFJ7kiZUjKt20c,5
4HhdC1y4XOl56QnyEWhjDF,0
17PBUuvBGmmwD0L6CtKtPR,33
44rmpf8Q1zuOS5Up8R3ife,7
5uKn1MJKsfZflBTsSUagfH,22
08Vp7WDcv1r8dVMjyJaVOt,0
43lok9zd7BW5CoYkXZs7S0,73
2IRAQ1XfN7TtYVmMVcxlIi,6
5awrJZBt3rP9RO5hlYdZB0,68
3SpBlxme9WbeQdI9kx7KAV,80
5kSMEgC4Hj9OYKaBj7AfJB,21
4v5x3Oo3UjQ9YmF3hRAip5,57
3kV0i1qqudjf0PGawJ4jck,59
6V5Ct3kX5Yk74z4MLZB6h9,37
3fwZatk1y2idQ00Ybn43TA,33
396EJBtUzseofX2YCBJVvM,53
5jFpTZPt54zQxah1qb4Abc,0
7st0c9aIvWZ78v7KbqHy32,2
4V1D4FUzj9kQQ5fkF2yzAc,0
0RVj8aaUuoTOZ7pyGjll6b,34
08yanJqA75TPyDowCXvvPU,54
6cLRAbCOuDJNR3Z1RAGTFx,24
6h1sv7NHAZA7tiErfICYLM,52
5F0AZDt29jRBR1PktMX5PV,31
5fPglEDz9YEwRgbLRvhCZy,1
1hg0pQJLE9dzfT1kgZtDPr,67
3Yko2SxDk4hc6fncIBQlcM,56
27xuWD4L9reHGNvBtyZoF6,30
7lXkGYfPd8ygerG681NxQG,0
7C9MXRvkuilu5RSWDQmVGQ,26
1t5T93xiq32d5ySr2vbOvm,0
5z8MFnoVUIfVo6MQW0uIul,58
2HKgnzlGIJddpRwDlxit43,46
0ffPsL9V1eNMi54MEHMehn,48
3u4Q1L0XyEvCp42Tm2hxZ3,0
2zRde5Q2w1RrtlOkzooSTp,30
5uq7vqbV5uRCFaKwA6arVy,20
44uLCOkcLsEGWsI5GU0Kjf,7
0BPe2q1n4EfYAj0a0D0Y1k,0
1Xn2SYwx4PCz5v4K9yNSJn,21
0jFg1pE1m0257KL4hpzq2m,26
7CEW9UwwJlpQIrXHkFSE6r,9
2EKyyvnpEWttONuQ7cKlLc,13
7tOux23cHO6jnKuLNKyyub,3
7fKAHMDUb5K0sJApSt7fMY,25
1ID4yRgxYUutcLKzYDcln4,41
4Thl9RH4Wewv5Yj00QCUaD,43
7k8GZeB9yT2ZGtOveUUwgL,28
5HPT3jIDSWmJgyDlT7GYzg,22
2XY7GAKG42EYKezC8SKuon,37
2Xi0Cf3dh1kRU2fq2dJ1Dm,24
7dGOyxCI4QXNFxHEpgD4jt,0
3mO91zGr3lgNDkYPMchjo1,15
1esJd1JGPa7jDRAKrYs6ls,40
340MjPcVdiQRnMigrPybZA,11
324LXtvXAeKBeDIN1NkGuG,40
2EdERx7LGWlGkr17Aiu8bh,1
1JDnILGoI2TFSWeAOqyeA2,18
03uRhDae6brXCnWupamv7T,27
4SaSsrjwJQlhfKU7OXfKK4,34
6RDqH9ClqrKLPAYS1WecKF,0
4DstSUlXBWH3KYXHU6qaHs,0
1P84iDclPoEG2p3AGlKJWI,10
67SleiSz64OZip0649tBp6,19
1Ht3JsRc7zoknEwKe8ENPx,13
6hfmJS7B3wWyQXfMoNuHIA,55
4yR1ZfBzBkkFjuqpwJMLAl,17
6tbaSZ6Q72kofaJtscUwFA,55
7ejwnTlllT7aVOyaI9CTm9,4
61Qk42fFU2DRuvI9iV3oHq,27
6JF49ixyHmOgS0Rsda2k42,61
6iOCv7oGL5sGi2aVnRz2BI,54
7hJi1Ehtns1r862nCGzUZv,33
2xNZKNIlHUY9NKXrHzr19g,24
5Qt1hdXcb2bF5fOrw1WuRZ,27
690m6ee1hi30Rx9iK1kbVV,31
6GK7MOPqacKl84T0r6Rctc,0
3JRPfW15UIAdRYuBvNxLkR,7
3DzlkHEQtb0ABoxze4Zxi7,0
3PyfNIPk7SyMmwDJKLM2Fc,0
0WzOtZBpXvWdNdH7hCJ4qo,1
3DOpgqr4jeCqmPWlpyoDqc,0
45ba6QAtNrdv6Ke4MFOKk9,72
5DQqOSr4LLpDDKjonOK2zf,17
1B3W5u06uIB7Elyk70pt9R,0
0zhSE1Ph8iR7K2O0ne8NDh,26
27i6oKyFL8ZGRQou7AQPsG,0
5gYCZgmXzzWXxOCb9fMfBm,64
7rDTGWNm2OvY5hlP1HjICh,0
7k4SVvaEm2QbqE5d8jgw2L,38
0V8UU4es3kdF1djFZKlduq,40
4FzlCyvEDrvU8pHmgCUKkn,47
1sh8dsfPPlCVXVux5NgX5d,19
116LcZul1dcOmPf5Bo0DRR,0
1ZvuGL8rhGYgHWHAeiYeFZ,20
0Q7QMfuDDS2Pm0OAxaJSPU,32
6HwzIlrCDq3WF9vMq8meqG,66
1nAQbHeOWTfQzbOoFrvndW,80
5GDNKEug3ME9sCAtCU0vu7,40
1g4JcuVQJwAv2w7k37nnOw,0
7zcfVNsM02TqEzievJk46x,0
2Kbcxt3GeXwSIZlaZ7MzgU,31
3r9UTfGCgZLCOhV7cz99YC,0
1JmxywVSSWS6RCBd7avdRO,39
4fRcYn1zNOHY5LJXuRmJHI,44
10WCcQKzXZot04kzENu62Z,64
1gIC63gC3B7o7FfpPACZQJ,69
5onavJJSqgn9KdFxq5SPwN,11
3hDRmvx37HKuoxa90oTy9u,18
0NZqrTCRCx9yxtCJx99z2e,32
2a3UNY7dFn8Ez36GMCfbqP,0
5BHFBpLKyD3sqUZ4BTGxsw,15
3YEOB2lKZcgTTbjEWBJCia,23
566osTxDsfrtdBxPDMGufx,35
1C30LhZB9I48LdpVCRRYvq,45
5sXUGu1ClB9KRU2SpUQCsp,0
1X8E2o48nvyOJL3gVMKLse,0
5Tk7z0XOX8FLfrPFztPIvw,25
15GocbF7ybkkPP03YXtLqv,38
13PxecK9Bart7ir6STafXP,48
1CsX72BYnBOO5n1a3xn8SC,32
44FVaRWkEXn4DaDv9fD23z,39
3kbXe7pNbNcEP4Knl2yLxA,0
6pVil2SzOQxz1YWW0DSzzi,15
4Ji832EOWkDBoqySjSBiYm,0
6ETAoJJ5NhxsGyD53cHApT,0
1hWXJpz2XmBdgW6t4aNcjJ,0
3I7zwJgNse371fJ6AfDD5I,22
6ZANEjETQ9L9pjBuvOAhCQ,0
2DfrhMv4WK9EeQySmtRDkp,0
1Ekl9JY2EBWZ2xzR2Iog7W,44
1BFl2k9tZL0Jm6ebJHGQ5K,47
00tnsObPbrXxDLTPBHhzbH,0
4B96zJ2Iam0bCgntIJEO6E,10
2FYcP3Q4x7xwW10spuxkZk,0
0UyNc1FaDzkzcBlLsDASJA,33
33qmE7Pe8lRlZTC4bJOo6P,9
456WeVeZk38VJuqg2sL7QG,55
7HKZvagOKy5Gq7dAXHiUrY,21
3iVOk8jehk1yzUvfA9iHvC,0
5UwoNjOPVBSOlAQU8AfvGE,20
6bFZvTckW6NOwg4GGcotrs,22
0Pe124sDVootFFmCMhqeHO,30
5bOYK3R5KjuG6CEInqWF0w,0
4pxnDGBdoGu88h8ZInX5f5,35
6u66sAgu3xFfKhQpBr4dSu,0
1lBlWsgSwzxUObEwzRTCP3,30
5ftKZ7X2vjjJ1HFQYQn1UF,40
5cOS6szqlcoqmiSoVTqqe8,47
2GD9TjWG3Tu4JygAZniBY0,52
2NGdpRuh0JgRLrdAK8AyNR,50
2Fin5oppCDiqiLfqb3j3QO,42
6namQvcqC1nma4fx72sTfm,0
20RiDKMd7ZR1w199AFLk4z,0
5oiDi8v1AAjdBdiKFLJNtO,18
1PPaJ4BYUrKU5XluPzDASe,16
6RfgcwsOUlWkGNAd6zjjYd,64
1woD9CdS70r5M839XKekvQ,25
1MzEdKoD6mxji2q7k3rRcw,51
1YudjVh2bvgGlLSwPfWblI,27
6Cu53xS0YGhgEqyTqkVNeL,38
6WhyyjT7SguubI15raOkDo,41
7tFUesVQ7An8e5pEu7sPYv,41
5WXzljd68vlJL83jHUFcCo,35
0jQ3zArVV1wo3Fjobq1pG5,26
6CSenzyruOwRltis2wjmAy,0
1nMRj8vpaz7qH3g1Qrtl6U,0
44Wloco9SbqkwOCXRL6GoM,10
2XQOCujanxfvyDhtJd0Cy9,13
31KbO7WnDp2AjPdmRTJzdf,52
0VxOyWZ002xEgJrqFHzS3G,0
5mhu9gsIkLEzPGz1i0WDGC,22
0qqP0gMVjjSEj8odGxMbf3,55
1ZFC0iOKUp4M16eHXVaeG4,56
5DHynS2beH8WqP3D0kL3b7,0
2nlsKjX6KfKqpvLfRrY8sm,15
6AmBMZgibAEtlVawaio0G1,33
62XUibpobJNbqfb29IvIpX,0
41LvlG1SKgfysJoUFE1cOK,41
1QeIO9ArYBB9vLiODTtWy8,50
0qbl8aNaCUOvX8HGsZYLfh,56
1CqNrKEv2fhF7mudTXrydV,51
2SNoIwHcpdsPWq8SuoqG3p,27
4LwHKIJOPTvnJ4lKXbKuwl,0
7wG6GXasCMqJ3vfzoGLf2D,16
1WnI70R6AOPF4BdDJ6looG,26
5RLSzLE8SGQtiAoYr7uh7a,0
2P6xoo9rh3DurKdT6IfYmH,25
7z8L7KFZGeaxdIyDeKIxnk,0
1o9O7AGvoCSG8w2Ana24YA,30
0toFJSw17B5tHNyO3k6HBO,19
4Ug3M4a8wAEebndVIF65fX,66
4MOaqIKUdWuojXZYgOa7GM,53
3NPHXucbPim6dYI0BkITEI,0
4xGRUGVnAunSzXagQ2oWhk,12
2EbhWs13R3DTnsGXHVZSPy,30
64CKpRZmwuE9LTSn8SJB0e,18
6U9qVfkan1Mwhuz6BmCwHJ,0
1WklZZRCVoqJCKGoYmeJfr,0
4sAbFIjt3BPKxr4ji8lFMd,6
4DJijRH1nTtLoQt8s8gUI3,0
6oN9dQmUhn0rRMDC1fxvgO,52
64vVGhv3dOHZxWaRJTHvTI,29
6OQjfXsIharHjMAMbGYGNd,55
1cceIhCQ8R79pwy8jbZFqE,50
53QDQjWe8eWDoXp3zd3jjn,0
50LLfCGnmKyxIR6XuCG4nN,40
5SQN3CSp07nyRLwH2akBLn,0
4h63dypm4IYSGfCDe2Gcz6,54
4BxB8U8QgpR4UCvJ0moj8Z,72
4WnLzmBgzwpotgPqqoIW9t,46
55UAEClz8M595uaN2PeHpX,45
6ruCp4mB7FOyOKfLowr0dS,13
2bdA5I5Sn4XjBu9dxEF6Qx,9
3IhDL1HDvlujs6ZcIfL9gE,0
1OvO9glcxy4lVZoS43Clt6,15
7kZLtbf2oWSZJIWchzWGks,28
75GwgzYvvgaJQS6DooqcIC,44
0J6gXmCwNSppontVzNkZaV,27
6p40dZWSVoWmChUHZjDRJD,30
6nMLINUfKd2p6mZ3El99Yj,31
2KAWX279th7yUtgVIfD6TU,46
5Ej77uqfAAG1jYzGReYwAs,22
198uSF0lTPBy7PtflbPhGT,6
5LMfBxAyFy41CavxGAykHR,52
5X9SWthEXPi3QXK9FyHwkj,14
2st44QXoemztnPKY99Yalg,40
1TLnvPTgtZXvCGhIvzl2pf,27
1N7U7alOZtbA2m3AyAPEXf,0
02iIXfQvjMAcYrnUysPg1q,34
0KJqNPjlwBljFlugbw0I6V,20
6MYUn0QRrkzOxUjQ3V8dkm,35
7cL1qJN7SgXQEZe3zYNkp9,0
6605AhP3OzqDR47NA1puHr,0
5G3svKFIPGEGbK6poPVNXp,25
4XvCeI5IFiB569sJwbZxB9,0
4esRg2sry34w2G0HT7jcLI,0
0ofaIVDxemaYYQipgWRYKp,0
0VG7XLJ8gSynEQDVnpHNNU,0
6P5A4ykltKlWrw7kSZzOGM,28
1QRhPsupQCDlD9EwTWumSA,44
1hfSMy89JzdUmHjxDFXlZ1,45
4Sjyp7k5gu6ZcF6nrgkLYt,33
6euw4OOlKt20SAPSz4xKhY,30
0j1qzjaJmsF1FkcICf3hRu,69
0oXzdlZ9duItTwmJLXbAfo,44
4ICez0IybCtHZbAXl5ENWJ,39
6aW67R0sshdUwtbJEG2uQR,64
6yrsnGQwaT2YlWNAOntPz8,18
1YhDBJW6Rs32QpPVo6IMBR,14
70RtqIaBoEchm9EShpzbYR,0
62YIhi4XCmxb59zrENXdWt,38
6sDQacCej53Q43vZF9PJ8i,53
2pQek6dZNNlEhoJ1hZoUDg,0
3yAuFFA0zd9J0sJi3JGpvt,41
0PSUQDf2K16sU6ky5IL9BM,36
7tUkPkjr6wCLfw2857F7iU,36
5hvxysDLuDCZSH7U4j9C9N,41
7zPbZryxpiOOM7DNk6lqm6,22
5IzAHzzr2CYuPl4YETYUdf,0
7btD2iPHuxmIfp6S9kUECu,9
152Hw6E0tNz3EQNq9c1CDf,58
3PuofR78j1BFBGBrNCCYUF,50
4oZmVz6iGZzIjNMCkEITht,33
4ZAVWE7ZaGwFjBNkT5BPq5,1
4PJcUOhYFMRpS3DZZNW1wg,0
6sMkMbTp8E8LOxui7iMPPj,16
2VX6JbFBRfOvscZ8N64F1Z,0
2Qtn6rWtRti5CknQiWh6pi,0
3QOP51x2GywSdG4AcLrvBZ,13
2EeO0sxqQL2YKbgyTPrNWR,19
5xp8nj4Uji2Kr1nkm3CLFC,21
3O6B3U5guBTWjuMyTVCunM,8
6R94wqL4kDI5yXXRKTi0o3,0
0sxfu0XUwHOtnKiZgkTQwk,51
36yLMeHfae85wVYiSTop7c,16
2Hu144ydKhUydmnhfEEqfi,53
55kmFrMvcnO54KbEurJTrM,41
1OnzqJTL9bwe4kvaLxRYxt,62
2tc7QikvIpZDcBNfG8cYRf,0
7l9wGE3dDzxgn5P8fl9lgw,0
5ZQjqg9obFzyGuxGj0mjSi,48
5jA0SDNGFkpv0eaES7PB1l,24
5aOHXyItQxYMX9BwcjIXrS,23
7KF1Ain9mYYlg5M46g0i4A,75
4UMe0Ods7kygK6OISasZe9,66
74V1F22Gw9yMXRznhjlQJB,0
4odeNH2Qe9DAxT3sC1qq9p,52
3y16fOtHHYMkU706RAua8m,0
7MbcxleVqx5qeZgXdw5FAi,50
73FYKSgOypVgghYr8GsEGl,58
7KQgihtbLnpyr3KVk9OqYB,49
2n3quCZ0anEa46j2IveacI,66
6ZeIMMCUmFekpbfVlvHpXz,12
6nqPss8SmgAZb83Fj1Sc94,2
2Yx0X8CYJD0G2pvJYZcTxt,0
5rtatHUwL6e5Kuw0qlefG0,25
6k7YfYLYDWF0XaXalGyQu1,0
0vpeGtdF3m8jtx5v2CHlWZ,23
5JWnguoJ3sh94rX6jg9iM8,23
6N5ST7D8lhiW1I5YfPDE5R,39
1zfMeIpCbHvphLy5QkOzZ1,0
0nj2MXRBsanq7KwGj6Kl1O,27
3HvP4iWWHOzRNCJSPQU7Ng,38
5enEsi887wD3qGoMCK4jLr,59
7amgMBFiedsknMot03NgQ4,45
5Hrkn1HmX82KNlTbsUUweN,0
2t7r6hUtlrqQfX0Z5zHzF8,30
031Ay5otjVJvC6OLAkT23D,21
0MrHVkohZztmdrTrQAosNe,1
5rBavL5GFknqp1CREqx4Ov,39
61daGwqgh0MGK2MigtyVfv,0
4OoDhTTzJG0Rks9Gsvz9Xx,19
41xJklJV7uqDzg9teggeR6,36
1SNyeh5uoNmmhpruGwHg51,39
71ik5hcqimZnnQWxTfmLkc,0
6OqegZkCUq29CJarqL8trP,46
397HfhVIOEHiSb1hQT2atF,0
2KMTKEk9FZccRGCWhehiKV,56
6LbsrGVIwLid6rwRA0qasr,0
3sfYah76hVzPxhLhsjaqr5,0
1IdtMUbeS1WB0WuNRmEZGB,4
31e6kRTlCq4KGjg3XA6m5K,50
6IrbtLsuCh1AAnK5Br72lR,41
45kbj7Fig5M6qrwEKeTl0v,22
4jMGDinckE4ssWz68p4V9h,0
5swblNUfrj8mKaLbxPYszT,8
6tyTo61FtB0AdDZanwCo83,1
0H6nfrkNnV5m67o6qVOGT3,33
5ccJrnY1pyU09Xszhd92ja,31
7b7VrV7O1HdrHHIoVXnaxI,0
77qQDI02aNUvfkUfU8K5B3,21
4w0mVprAna8GLFxXq5nJ1r,0
4XRA7yDYWSkO5BMvZinESW,24
5Ki88XhcuWUk8WlXmaKrwS,20
5TbkICc13PKxZcdQCqpcJg,2
6v6x88d6F3VhxiCL6j4Qhn,35
6uuDKdK6upPxiQtv1yHcHM,0
350p5MCLCeqF7ffyry16MO,25
6NgnKl9MwZm5yZnc1W2z1t,26
0izNh5tYrA859V9FzAEgvI,36
2oEZ6GTOXbcX7k3XyfCoQ0,0
6LdFryPw3LFwyLqBriy9gw,0
2NF7kUOEaNYhCWLANV85Aj,39
05bqZVTbrWX6WplexqlbFe,36
4GHm42CYhF7673f2I70aRa,9
0c9sWtTqYILWgEddwu4Qiv,0
2ZY0LoI3mSP9AV82SiZyBP,0
5NWOXMQnxSlKOCEU6SwcyG,16
4Ckwpc1ElNFw6sXiYHt6jE,28
4o8yGUEA3XoicZq3SReUQb,22
6zgURICSmyJWCnVYnZp9Eu,15
2BtznmYidvZ9JQWhcmXVTZ,28
3bLZlNsCcoc4Ih0FtqPvkF,26
2VZolgD2RKzb5F4gSNkx1Y,43
2mgAD4bdEfvmwG0iq8K0h7,56
7d2qNq4zap02SoWdvr0caA,50
4ReJ59T4YxC62WkfyVTWpr,64
6TszLBjIeLIiys3W7JZFog,0
5CZ869wDUrKqvtmJXRZxkl,49
5dMxKztEZWXumdAprhiLdm,27
6qqa1vvE1Q3qj2k8Gc3iEY,50
7b57oWMZmdG8wjwjtRiKSO,39
6HpMdN52TfJAwVbmkrFeBN,65
2cIbw9kDyasNMaXdTc6rrs,22
1oUzjom2A9xtyRM1SdOAGj,63
3GVQNsLDpFxSAQhycJgWo7,0
5LL5rSvxyv1GQK2IeFiebc,0
4XGeX3vS3SpPgjSsj79KYH,0
2fSadHflGE0MhtkwiymFBg,0
0ssAblPztc6zIEuKXZTb9k,8
1Fh1gzTOImG12M35w3nqQF,49
7wzu4mHO8s8DZOmG5NedoC,0
1GDEy7JQHzOvAIucRlXtGL,40
59VOeI9okk4Ri13h1nRqtx,29
587Clxxo1i5flgjvS52bEC,0
4RcLTdNUuSTJYaaJMD4e3C,0
2GVSTqYcLPfhtpkE7mTR99,0
3iJYwx4U2xHyDi7BRjskIJ,45
1D80jHxLaze2unssWTPVnz,31
76MT4lqzC1oSvSYnHHjMam,50
41C5iULlHU9sMYiekI75Pn,0
0epKF07WR4vfVXnxrYIsPT,0
2rTx53ewbABoCtm2nMRbOD,0
4rRbuLIqkwT2gAMfhKuXNq,29
3PZ6OBN6YW3Lt5WlQnZFtG,18
50N4DwwjZUAjulHt2GcJ2l,15
3js2PGttQow9ryhY2kICfS,22
7y5SAIhUDzt6JlRhHeCQVI,0
5lIrwVu320WuEDqaIPsrmz,0
0snEL2LIY3LYVkv5U8uiwx,30
72gVxOLET0NNMbz322JQ2g,0
2wq3yzukh0uWIMfanqsOm6,12
4DtQbzmEUoXoZbygwlDs8f,42
0GPmuVuCdC5hCsiuy1wXle,61
7GFmFwrDfsELfBtiuyW481,41
6XJfaC0m5IkOIS3tYyHCli,35
1qgJNWnPIeK9rx7hF8JCPK,72
3TfI9sGZXMZtRYDMuSdDxd,32
4UEvfbWLPms6KlEVr8USjf,37
4JQVRNQYIaJMNpWJuy84Dv,0
3VOtFn4nuS6eOiwBMnEY2j,41
5vqILcEeCT0N1DeJBsLrGE,30
41oY7hIc9CdA5FtWQVyFAU,33
0K8jX7CLwxJaML5iXdxveF,47
6G9fIqCsV0qEiBsdwLOACy,40
7EwbVzsV6cKL6ucpq6bcxO,43
0fq4uzIIA44Bkw0fCQ5KAU,53
4vmD2mzd6e6UCvuQgKT00m,38
6R7CVG0kOF7h0NLg10ezpZ,0
7gqRwq83RzloKuVB7xRhyX,0
4F4ea7QqYmZ3phVD03rZbq,0
3QgFzksD4J43TnGIJOOrRV,9
5zdFKRmlSDwAMZ5NFVGbx9,57
5y5h9Vcm1JejVUJsmxoJld,31
7jxrYnrAa06rekcs1cxp7i,43
5NylLkiLTn2sF3U8mZ9bd7,34
112LPorS7zox1TpmXjSGS0,0
7kzfEz2yYEuf9nuskO3BQB,21
7x58T4Q8rIR7rY9mPen1li,38
5xfPV8byJVCmeqe1LeVFqz,45
5LuoozUhs2pl3glZeAJl89,67
6bUsvxMAuR8NXG2ujCU4yi,43
0gTA57iA0CZie0p99RGDUS,0
6zEXER2QDGemwq2wx1voLV,0
1Sf8GsXG32t0jNrX11xqWx,69
4sJXyIfwduIWFISb4iCq2f,53
4y4qpoEoAVz098hapi6prZ,0
7qE10pw6k04YwS4PihrU6a,0
1LigUNeTlgbeMg3jAX9dHn,28
2yAl3qL92AJPHPMescwk22,10
4Y1rf5tcgOjEOz8pRpK2uf,33
18XFe4CPBgVezXkxZP6rTb,70
23dKNZpiadggKHrQgHLi3L,56
15Id9Jrqab8IwHFirdrrLp,65
3H6k0F6OsqSMyFnNZmEgRQ,33
3ORNNahv0Z1IU0AKoliZwn,56
3yqk7nimwdE2FdaA85iJM8,0
6UmILTxwjM8sME3wbsZgQh,51
6xPqva9kzYP8usdKOUiHdn,44
02GVhWjMuoQBQUtNhjWsnG,48
2HTbQ0RHwukKVXAlTmCZP2,72
1iSG24ckIXnhCjIWcVJZYY,56
4hTM8jZ8DCCqglmZUDMSPz,74
6KSvWFf4g4PrIldtchJsTC,60
4bIuE7S9tX7bZttvusd6QR,36
0mwf6u9KVhZDCNVyIi6JuU,60
6ymw9w3tGhxVGBskQAhsvm,49
6J41exElcUa6rK5SJmjV6S,48
4eimHQmKIXBtZ9hBMSYQ7u,21
4qUMByJ3Pk94BFnCmGaUPS,67
25PQxi9SR1OODB5XG6m48J,45
4JENdWCGucLdRvKQE3V5mH,4
7d0pkiLbrQjSUYhyqT4Q3U,0
1P29D0CPo7YeQnUUL13SEh,0
7pngooQgabVGWkS0rFwr7q,29
0gY3NoyPq8JKTS89xn0mxR,26
5RYrgGSMiYXGF8iwj2i1wF,44
4We6hlNvGXlc02JDkyrwNR,24
2pidzXTaHV4WaIJYRxKDCH,74
1EqGwkiaYljCmwbpzPO5d6,24
7rDIbwEbqPVRVFe4W0XPD4,28
3E0OJ8O8IrG2YzmNtyZEoo,16
0IMTA2Wz6p8CNZ0MDK2zvg,65
3WFTGIO6E3Xh4paEOBY9OU,75
7BCTfMzue11vOGekGO0xL0,40
0Gy4phN6Xwx4uyskE7Wkls,0
14o0qMFxqkJ4sTRcEoxXKf,48
0ORrRtBqjERyBBZWSsSw9C,58
6ROnWPiM15ldLTNrYpyBp6,0
4H8ShaOMNzcjChYezhINqj,0
3jMsGvImaL1YxiTxNNIvvB,49
0IJcpy0eM4o63J43qij68g,61
5EGaHc341e82zrqVlTMUEL,3
0ntJqUFZt7XQmRycj6typz,43
53FhNZMrcBim6Ec9mp8ifl,52
2L13Kv0sx6GPAHo7QTZLAy,46
7qGeNRPRqM7dHJS2dFdevX,14
6gxAs4Xk6dytHvqADOhLPw,0
6OQ9gBfg5EXeNAEwGSs6jK,75
6aWbhj0AFwifo0K7ebOWuh,0
46zogVWfGDNCxsJud1x9KV,0
4QUNWTw2FsIz722xjUjFJw,0
4bNPOFOzxGhF5jhfIK6lit,68
3IO8IPjwXuzPJnoaqkwYrj,77
61h3VS8XDROIpvQznjTPTT,67
1YSb516nyR6ALY2ji1eCAV,50
6CNwXxGCLQtWhG2VHOuiib,41
6QC8G4HVk9lkbpxugU7ZgF,0
5bCk3kWAy2JbbTfHqzZCII,55
3FAfwBIGInlJu6YPp0eADJ,0
0zrtTZC7yY2TOEhnbJzSb9,59
0idikg3MAbtPVfX7wwfBBW,53
1DFG8kfe3LD62Uj0cUhGRg,35
3Hz9OiLdXkoltROdoKWbct,40
3OYXhFsRdeQZHuFbL7amMc,0
6TRHI63AVabVkLPou2biv8,52
2T8UlI17u5hwTqu6zkpkW7,0
4EZoN6mRXNcGxHXZC2doJH,0
4ph77Ne0Z4oktYiXHDSH3G,41
6YUCc2RiXcEKS9ibuZxjt0,65
2pGP3G2OyQBKQ3SuT3cacv,0
4vLYreWxd2ptOAzPwTyBI3,58
1zg6QT0eGqLBlhAT2FPoFj,48
5REuIeh4EBrkU0Nrz3n5jT,43
066XCkY2VUxaJHf5g3tHJx,0
3CLdAhzRYwIIf06iDSvlPA,33
6kWqwXiHxRwvLKFScZbbdS,45
5qmEF78Uq9CjwIgvKQe7WG,41
7dqpveMVcWgbzqYrOdkFTD,70
3Yg4ePP2KlxZgCXhOgQIDU,32
3MPAKDC4pw8bPpPwia57IO,0
5wtE5aLX5r7jOosmPhJhhk,75
5QVrsV0URTnFNv4nfRN5BR,0
7GjVWG39IOj4viyWplJV4H,67
4c64we435X1d5Bz6YAgrOZ,35
5seVG1s2oc5piRtsixp4g0,23
2kSTssn90EgrYWNlWZJ9r4,51
3muOd3Uq4KUr290uxFy2H4,4
6bDQgC4mNcwz46wHKI6h2y,58
2wAaxlOm44t8xuJIfsZ6Mt,31
3HR5jzCqRM2FGS7SFgYIQ3,12
7MQJy9di8JoLJOkG5mZAry,0
275oYDl4zTToF8wSLWDfMx,33
3WALyLgFg8b8r4y31MQRZ0,30
2kBFECL9a71fNRXbRW5xO3,56
7FJKoKn7zy2OET6KtiJJp7,40
5Q06VnSozTZnIpkf7AI4eg,37
37HmOAdBjHVkdIHoLf8gq3,33
4urnugBptJMguVYLRgOKqM,39
25M5zhvFVOKw59pxA3f5rN,30
4sLCQxMRfn3gAHrBNZtbTH,62
1Jv2AqzhgsduUik2p4k3cS,67
05owfigVGpgPe7RKJG1hum,64
1lKYaRbV0AayVPss9i4oOp,62
4QwOI2XzgXUJQ2uQGJO8Wu,12
4NEUyCC5YaMRw5Q2fmuBAZ,14
7skJgHIK6fM8oBz6REK82U,20
0Wq8UHDdJqKQHQYLxpv7wJ,25
48HPgAv71lNsmM3PfhKwb0,0
5MGGUuWJEYZsDyjif3N4eW,26
6v9a58ojj3EBjHg4gfDNZY,48
4LhsROXtxZV0c1oijQlXqU,15
5eqcF7pWzHgWpGdEmHgeSN,63
51DUbu4v2tjYXxgy4I8vrG,55
1Zc6fY5TjkirFsQIeX7KFL,42
6dePMhqoFfN5mm73ChBgOU,48
2t3e2RCx9fmVO7jmhrOm3a,55
3sOjqLDmsoeaKzcRcKIEe1,0
78hVLZZJhaXgrnfXKc6yxF,5
70lQYZtypdCALtFVlQAcvx,66
6DxSrvqVwXO3SmFDSGuLAi,0
39xhYyNNDatQtgKw2KdXMz,75
0hB1SMe4ztzlBQmKHvF8cD,0
7bdjtx1RTkWoSoOaIl7a8E,67
0v5BqH7RQlIuJIWfQCl1Bp,56
0P609GWfPgTEXLS5wT9h9o,0
0fjJOLqG3v7vXRYhz2wxPC,65
3FsCGJY0JqSxvgezoMWYzF,48
7ibEo7IK9E9mi2sU5rJNDC,57
5EbpxRwbbpCJUepbqVTZ1U,71
6seO2kGWhFKbe61aNvdB12,36
790qROmQ1y4aPEYLcSkScH,49
6qsPkfhNfP5KrGBE0hJwAR,10
0hdOk76DmEMYI6QV92mIin,60
1oOkcBu5bgkUzZTvKD1m8z,56
4HFf49hM2U0n27vIms1OjU,49
3DMH92CRre0ivD8Zt6bGZy,32
27gQjg4llIvuI8pwDfcHZX,38
20r762YmB5HeofjMCiPMLv,79
1C2h7mLntPSeVYciMRTF4a,72
0yv3K62ndWgrZ0bbAEMzj5,42
3tJ8OKz2wHmJXuAqpT2c7V,28
3DuCJEFCF6lzSmvOlBdVlm,17
2P2Xwvh2xWXIZ1OWY9S9o5,14
08W4d8uMIQvJg0nlwR1rBN,61
5DyOxuvdSmTSNAmkfcsBsj,62
4GSidaoqyGNwaG5mNKmuLT,60
1lxySs5EqOgFPkguQ9a4Si,35
1fXu5FuLGSpQdmG5SWJfXL,0
0hDy52fqKwb2ZIjyNXGxan,60
5BAfhvuiUfuxrVUHfF00SB,0
17Rg4iNDr5gncTwj8zTvUo,0
3LByoNjO4gbuX5D0u26LDY,68
4otkd9As6YaxxEkIjXPiZ6,73
1gUI4keDXbeSil6rwY9qUm,50
0P3oVJBFOv3TDXlYRhGL7s,80
2cWBwpqMsDJC1ZUwz813lo,82
1U6CE7Xb5wwTQGA6BtUHYJ,41
6LhMkSPNs1AVrAjdrJue98,40
0ObU1HpJzqahdHUy7qbN6F,36
3kBBntDYL62xlqgnulskwv,58
1mnu4hYvdwQgZXcNvtJ3D3,72
2PEAajl89bIS4eWMk7zlbV,0
25n6KfxQAYn5sQ8l5oy4Lm,25
2PDFVCwfRlyhQx1clrMbli,35
4wonGrifNoBQxCd42usUio,19
2MsWCeQjZlSfHFjDm5DYR1,66
6nGxZjUBZK40BydnxQkc15,55
2hlHv54WpTInFIRMk3Hwjk,57
5Hxk1KzHxAPUfkRtbUEHsW,0
1LgPUiosPMevbB4NHxcNiO,55
5Vdzprr5cOqXQo44eHeV7t,72
56Abu6NLfNM5X7rJhrUdO4,44
3uA9LCEvszI2Ufvlkh4nCj,20
73x8Jqx5ReE5UzMBXGryMw,0
6lp3jWrAdZwPwkwih20qzX,36
2s78s9NVxJhfjhua8DqocI,0
1pbPkhuest1I4RGpz3rWmC,45
3O6ywzP5LE5msmuBBTpaIN,56
0ZJt4dCoI19u71k37E1nQu,45
6p2pqoeFTKT2c5tPqgeGwd,23
0OwJqkCyb1CLLcIvauh1Uo,31
3JExTCaVm5Q4dbhXkfc107,21
1mUwtBhnrDj0dkwnEjhOj0,54
0qGdc7fNq9RNIPEzZufa43,63
4qG4QOQdwo9nHbMVHfcX3v,45
2nxQHmS8UcJK07xL5e0GW2,26
5vvvo79z68vWj9yimoygfS,59
0wQ51NcLOXVKxn2RZG5lck,0
7JnRw2TyqBA2qEXGZZ5Za5,26
7osfIkEHgt1CBBx2grcYyy,27
03mua58vttb04DkhC6VEdP,25
6rXy4b147LkM3muZKuALSX,0
7EpUpNUkkEGnaCvkcn1j4H,55
4OHfmMUq6xwCo8zfQuc9Rf,50
5Dwws0oO0fQLDsrwZE7rvW,36
4DyflljDkamEEU47TA9PWb,0
0Ay4pqOVD0AXWQCe97bhSh,16
66KCBRiOFSs9bki2A15WlB,68
5APvbPGki6FOQO6rNEuXCv,56
2QxtM15Z7GCrqaLytonx2b,0
7GAOMkrIBSwqvC28f8bXTj,32
5mJYFwj51OpBqRSxZCBLTT,46
0gA0nZrZ55PLUp7ARfrICu,66
6HAJ0LRCEqJeaCDm2lSsq8,31
7BWDLFcIlUrgZdtjwLEJxw,38
2VZjf8g7VLTELsow7KnrOy,0
6DZAEmjvBrJq0a8sVHbf28,37
2JtlTPzThXs3Pvz8V2iBIB,45
5IvqScO5vIXQ2zrxtpCVHf,62
3DAvR2j2Lka3TIZhbTxtrG,36
1nbq8GgaVdINI3PulXvPUq,1
43pttVYo7IjBvive3uebVF,49
3BZyfvmDgZFXqCGJpYt7ES,45
5FBujFyCWd6nHMGoycX2LO,28
2PMFkilltKinc5AvDK9MRh,28
6csVBwuGoCNHELRC66h9KZ,9
6GzT4vsjzSOAX5xOBLdzRI,0
7oOreIVPzTMN1vKH8UsEbe,38
3fc97ZWLIMc1xawhxbKrh2,63
14EzA7MWoKYPjzjeT4gtj3,45
7kLL9GB9GdIpG20fxxDPtA,0
5KGU6dXP8K978diRu0eetZ,39
2XGZ36jXGrfr72Gnd1uNo1,30
33FmsnS00we0hrD1NrGniq,0
6Zh3raLhOqGlyLEoZvnjVB,22
5Ki4YFQrUx7hCcQx1LJUQb,0
32BftvliX0Sk0FfPCqKY2l,28
1ZLd3CcWtnSI18EfBIhTKa,0
5HRB9TeaIHRBxfIm4XZTj6,63
2DAJ9Huir2JEq5es59MAqq,21
5y5Je353ZsPKl9fuO10ZpA,31
4h7OhQuHlHQrh4zogZsnjE,14
5EUsIEQUL5R2dn4YaohpFW,8
78Iw3pQjjmhlZ9JqJsFl71,49
3mKvAiTrhpJUTAFsJXmjTE,39
0yT3AhIS383pWxB8W9VV1r,23
3X4dqVdCKZJQneZ6Nn8IDr,35
76dHlXRYZm3JsTuNCFvtDn,42
0YMiFnhUW2LH39pHUWXOvf,14
2gUSWVHCOerKhJHZRwhVtN,0
205MZrvTcEtlQk4A7LBwKo,23
55FSaoMbvXgpPJTCbOg6wu,21
6KhXakHRaqa0yRbjhrFrNE,0
7Kmmw7Z5D2UD5MVwdm10sT,75
3tQd5mwBtVyxCoEo4htGAV,67
03mqFnIf0SxlMFVDO4a3YK,0
6zXUDBGLbrB9Kgkw2Y3F7L,61
0kb1GuSC1x5Wpmvq0H8q2y,27
5vJAPCAVezRH826izLGTeD,38
3x6KN8REz9x0Tu402VLxZG,0
7HaPTdLL3KcYuQkMcVQfRx,49
56as8vSyIlRSTNoCgIJb4S,45
0dAkpUTJPHsfPlKJ10ZYyS,0
0EmCH3tGiC9pjgIhxsqg4e,39
4UrTKdvbTm9ltdpLAjrlSA,7
1e9UZUjNJJe0ItdQ70vmcH,31
7msbdaJfTlQceawhJMAKNS,21
4pTX82irJ7atuXHLs78lk2,0
6GKYJlYDmwuEEeV0hmSUYF,0
7Dse7wZS8NxPK8AHr8LQSB,29
11bwswYds9pLrXY3HAL8Hi,26
02KFVEA5tnY0YnypmWY1tz,56
6UYZEYjpN1DYRW0kqFy9ZE,68
656GQSc9SbDOR3sA3JwDU0,20
1ATL5GLyefJaxhQzSPVrLX,79
6P5QHz4XtxOmS5EuiGIPut,67
0um9FI6BLBldL5POP4D4Cw,63
6NtEjhPWfZcvJQuvjGX4bk,0
0LMJo3p9QqRjaap3qvlTY6,49
1Tr52Ll0k5qNWkoNex4ICM,6
2NG4OLyeNMwcLqirwwwvs2,51
7ju1rvCE17jpN4n2Bs9McD,26
0TyDTzG2zt2tg0wONT9wSU,64
7awpB1UEVeDF6h8mGMssTI,0
1uV0IhVjPSe88XugMAFsmT,16
0a1J2oCvOyL3lfqgG0ViyT,39
3CCnHeZzpNVpJ8omab180I,0
01q6ifxNUAKa10Prwphd0B,29
73fAaWY04gz6oLemh5u2nI,0
1SDz6eABKjfuwujwtwjGDp,2
1MxrnqMIsIYZ8zWfBu8DLw,44
04nhRulMSOvcRCGRTa7I5l,50
1snEinjkdX67nwrb2A9Y4C,35
4TcXnypScHBMIwlVa1rGGa,46
5zUDvKAyEKkrhYLWJJWGPQ,3
10UscF31tC7Sz8S2a1mGbM,49
2zX0TMRVNyesrH6kciPrQZ,0
4OGaOZUHLhSeiicZB909aL,55
4cj3HwgA7wk89PJW8sMpDZ,36
77G4mtEtvwUhPUcYgZsDbQ,43
4A5SxmCfBJu9RURexOxQYD,22
2prv7MN6GicAHUTaUGgSJc,18
0hK8s6eayF6Ba086c4iQtw,0
3znl1qe13kyjQv7KcR685N,59
41zRghNRGMG6l8dYtRp3iI,39
22cvF1LVMD3IUQeKE42r1s,37
0ITj4WmlPwOhbf9XFf0HjX,0
2wN3fuTXmj387DO7wxNjz8,39
1L879cRp3hbkvCaMRQ7d1l,0
7Hu7Uw8Tc1ELbz89bi7Phd,0
01riz9JMpPdL99fYhoZaph,56
3ZpoX3ij0YBUeJoGfbVH0Q,40
4cZL0gsOEIOPLXdhc18vex,46
7tbgPQub8dUigxMdkYDfOb,55
3rWJsuu7ukoZZhp7YYkjNZ,57
42gkWeq5lmbg0tQbcMTC1c,11
3giQKi73ayOnj7jxGevJwg,0
7lzPfE5rJUzW1OL1ZEVvJe,47
2ZpJbn1tbFHOdiBqkYCcA7,19
3HnnFZuxm8gUEQE6SL67JQ,45
623PL2MBg50Br5dLXC9E9e,64
393l0NdTr8Rv0hybf4FTxy,47
63mrxbP4k9oZBR0LCfzZvo,28
77f24Q9GaFt5QfPxo9UxD6,22
6pCLvgEb0INbO0WaN2Byyw,43
1Zj8YBMKbsRBrhQFhwzKOZ,0
0YF8PfcGbsKg5IaFyPnlyY,58
5MEImpWt30V3Huwd5n1XM8,49
5QsGJ1tErNh5aWxowJojom,55
7uUSSIjO3JvV8U71TaSASO,0
2n4GKr0nKfFWoSTWZuNB9Z,35
192hNpxnuWIEaWZiIJmkNV,36
6ZnMFVV5HDv2xmHG7bn7et,50
1l9d1Zj9Iv2eOcdObVhdMy,0
0YFou4SbS16F4GhSADLDfz,58
7Mz7zqY2K51W7tyKl2G7rv,24
5UoWl95U6YTsS1N6JyQ7j4,51
6xaalWgqmC00dKgrFLlcmk,0
6nGvONPR7bY6at6ccJ87G3,0
6Ys13vgiUDDJ7Rw8g9h0Yw,36
6znFcVbDZJpb6w4bSdRrXv,37
7GWow8Uxx2X9Moop7GD3KR,39
35EP5dBkQWS0Lta6GE2VOu,49
3EksTzvDOmYrRDNghVV7rc,35
7KEhJz1ps7Ia0COtbMFoIC,45
5So31JibrTO74WvuCozsAb,45
7x6wYKbZUU2BL3N8ZWwM3q,0
2jggFc7wZIjIlIWfN3nc9T,12
38aXpqnp1LHfODbcXUOyfU,2
7Jnys9rQppUGbHvdmfmoJA,0
5fZTRwftRzpKQ3jctKwzZK,2
451iwnul3tenCrpM6mKj6q,0
3ldrVt5wLDKqwCUamRFaJz,7
5Q7XISk90DAYHFghAvKYI9,40
6LlcxelpSrOsBLPNj8IFGx,32
5dwpmQPOTG6rm25LfSXOR0,43
6ZCAJMlXSu9EYwvJ2JyEYb,0
0OEIo04cMKxdhegQksHgKq,40
0TWaxeD5IGNBOsUHOj9u0K,48
6nXto9rlPmmhdoUmGMKbtE,47
4UG3kz6qoHtNI1glQ2wdon,0
01FCoGEQ3NFWF4fHJzdiax,0
66at85wgO2pu5CccvqUF6i,57
47bCZdn8oVAMTex5vxQh90,17
1meEABy5Nr83dO5CZ3Qf5u,23
2695yZgA7bcQwfPBavI2EP,14
5lc0eCdONvKJZWxtV59D2M,0
1PpV1dMO2D66ULwxDttc5i,18
1lXY618HWkwYKJWBRYR4MK,79
3mhZHDmHvIUAeAYH7MrXBW,47
0GHwcubAh10ID1apl4n22z,34
6fwjLcIzNrgIxhqSVPcPTX,37
5QGtxFOTTr0Z4TyUQNVOKO,44
4Q9gIbDuQiVOexTyDxx9V0,45
7iwGw8ob3YLqZrbKzGFnHi,62
5FlTltS0elrbjIOCR4eRNn,30
7c2Xfq7aQKzs0KdSI3K7Rc,0
6YokUp40VmuCw9kjIfqSnW,0
4xdRjOhY9NHmMpI7U3e2c3,64
0E4xv5gPjykrwBgBZzI8XG,79
5WkNPVYW7QyUmNqW5yiodh,0
6xNFuLOko8gjxi5kUAyGyM,52
7hzM3Sa8BoCKrNqrKJqyz1,41
3KguAIBPMKWy3ymjY8pLEj,0
1V3a7mBozraa6AXQmUNxFV,48
2ZieYINaA8usZhjfwpFnlH,39
1poYSAxX9u6A2rblmJAgB9,0
4F3TdpoEyY32fMoLjOMzv1,38
5PahHf60qE3lMDkLmxNUWM,18
6xKHKYJ21CllN72X3WNnmm,0
3JVnX0rGto3qxKzbUAkuWi,0
1I6eiaVtpYWPc7Mkzb7Gae,0
1bkdKeEK8BUJLTfWycwdLe,0
17jrvK2s43hnAYpays9tyb,0
3zBsCYv5F2ZbKd6ydcAZJk,22
67Em0g7VkNZGzICh4SZQdY,49
4MiEmYcutgLqNjKvBpuAZT,30
71VX8yv9T2hNIYVZJVUWVp,62
24jAbLMFzCTlIv3kQ94HwK,63
0JsrUHqVkWkXt0vQeNiVkW,56
7q6zjWaLw8bN5nYiBWjrus,61
6sNbRwX0lZREkdmUSDsVzo,56
4JBZ0QHveEpESepanNBG8A,69
17FBoXK1NU2rvJBbzdzw0r,71
3P3zERBHtVIthVbvQMBQg7,0
4SnWrk06dIt4ynFRLpNX6e,41
0Py7FCrvr90z5oyXI4LQJy,15
5Bp1EX2ypdFnJ5IUyiRl8w,66
3vi20DRHkqv4HyVg9Rt9wC,74
03nFfkhtHqQZZqprep3G6r,66
4G3BRVsGEpWzUdplFJ1VBl,0
2jGhAyd5RqiFF6MzLvkuxc,31
7eyT6SkFuJyJZ2n2srz7js,21
6tBuval8S4K62Dqs6hD1HH,0
6MmVGJfQDyY7u9iB2kZYIG,0
5WfDyog8yO7ZF8JdJxeZfl,0
6bI4IQKBcLX0KsTjQ9NR97,65
5p9GtQVX2wl3tENRwYr48t,0
2TxHgJFfASAP01RExe8isr,0
01aJOn3j0v2wk9zKeFf1iG,26
5Kl4wtgRETX1aQU5prjKQO,27
7coFHb3mEOx0bRYQTBOoUb,16
3xfNU5A5ZZySISuX587zS5,0
7wpgb25xaBeaNYNwFutigv,20
4fF56KwtoOvsd9uVmlEfxL,34
6bPbKuFNW6Vausf1PExvd9,57
6RFmZLQxcjog55cfLtD2m4,0
40xx4FFeandutDmaK3qEqj,27
1eY0OQek6FHZWiPgJaXAzl,42
2VBcztE58pBKjIDS5oEgFh,60
7IvmRtuLsTlRZhRS6KUQRn,0
6L4gtDcKB0RBRpx2DhHrsQ,49
3lajefIuUk4SfzqVBSJy8p,61
2IB4u7CExI80gM2KbkDtDp,38
4IAMLhL37kMrpByavj25Ne,58
1gN7MUuz99VAKnB58U1aZy,0
621OhgnZJ7Pz8iUazct1In,63
4yE6WFFun0KjJXbdWkoVrp,27
1JNq0YvMfQXORe3OrtEw2F,34
10R8zdN5rOJQGSkXuKuTfb,22
2ECEKA8pstwYJ4jSIdXG31,0
3JhOl3DYQJztgs9IsYwZed,18
0JiPHyEADRGjyZDoTRCxWj,19
6Rf7DjuM5vH2SzNJytE9h4,25
7lZWuo8TFgz5ty8PEWa6SO,37
5gIa8hTQGPwVeNYjDwrraZ,41
4NIsKATEssBSrAl40JlZs5,47
0T4xFSNi3vOmlC4GUXPfIE,41
1PSccFiema0DMZ2nYvfFXH,24
6fjmh1a48Rq1iBFIlTZxwo,30
600ClrWRsAr7jZ0qjaBLHz,50
1kokRXXxrJzhxdMo0vsVDV,60
36nvnnATd0JaiVU4F2w5PI,0
1o0XDWp8dSojoZ7yZh6fgu,27
2MuFOcI1ife385ZHck1iIw,0
6FqNY6WlCSubgwaaa0T5Ni,31
5xtAAHr59ozJ2PQ67utEmi,61
4QODm9H0BLjU241ndsaijd,0
76290XdXVF9rPzGdNRWdCh,80
4YOwzq8v4sZDEnmFxGTIQz,2
5ZushxKenhSV0U3RiLOiKs,5
1fsvlnonD95p6VTEdQ7zJn,43
5Tlv1h0eGzcLuRgMMYDBYQ,0
2gwNU1WsZEOcCSyKHsXKs5,46
4VxyKgulAGSpJwhIJjgiJr,45
4JAS6u01ptnslw1JNIoE70,0
2FttwDzaWVJc4r2g4zGEvy,0
1tq8GCnebAUqcEPHMmS9WD,12
3AmRw6l5o2DP8PWFHczwLn,0
0tz4O30DWP9u9RlTGhnPlR,33
6ak1zm2KoMEhpdsSL4IwBM,38
6za224YThN1XPpTmhIMlZc,0
7xY8UPsO3o2HihEH4paIqS,0
0JlrR1iowueWdyDQGaTnEY,0
4sY0lDHJP3bLCJ3SHSWDi5,38
1AcEefqM581yXb7fo0YFyx,42
1yErp9O73e68rV68RdwwUm,14
1KJr8sqAzVC8mpPcSsptB7,0
7G8WRKX3CMTTNqknR6yr5C,0
03sF86k1s7uKWMBbgMHqAw,0
25mx9iFFL35Z99WrXWeVoH,17
6BcSwoWKyFgB4CoVIYLxac,35
5JhNH2RbvGohbEGsgvH0mF,0
2bgy2Pi2J7jrQVgfkQnb9h,0
5v6VnHvsnu2GnmQmZElrP8,37
6nw5kO6PPxOI2RzuNX7Bya,39
6mNS1Ud3X58uDBksuGAlAQ,53
03HsVVsJiYkq3pbGJYOAPr,0
26fxjOkjJc8rTXAj0Uu8GA,0
3Qb51iMa2qa6WtciJxwd8p,0
6SeOw1xyjKM6CbEstaGzqd,37
363Ry4B833qCspR1gzLv3D,32
5m7zRB3Ei3a8I516Q5DivK,0
3P9Pzn7O4Zsr3tsCSsx7Uk,0
1pJld4hH1xL3ONIlWZEhXw,52
3XEOvW0lWFWplMbxg2B4gG,0
0GwWmKEUgzykmMXPYX93ba,43
2tm3Ht61kqqRZtIYsBjxEj,72
6qk1QAnsqi44UXcB3hf70P,27
0YEH6ciBiMrVM4Rl1R10Wz,38
44EjUl9RPN3ToDyDL72NA4,0
3AXGpbjryKE0DjYXa0O0fp,27
7rQAv5PWyUvYZ2GKfLasmN,17
3GqSdhWjmMypMwPLtzoFYs,65
2H2QcnSuO3EoIw70kmnnr5,3
2H8Mzv6DpIEgPzUGYJSQES,31
4GnTrP3MNkopc3NRopSPGS,39
7t6Pr9lRrhMlAxEt1txMth,26
67H1eyEpDIdwovJiyUvg7Y,13
6jRvDpOc9oi3sjQuoPK7if,40
7kimYKvLC03boI5vUyhhKB,43
1ZHPnMejBXXDIoNIQWf5f0,0
5w27XydFTwAPV5GjsWya37,0
6KJKA9j7EE8xlpizKGGjvE,0
4ReGYpr1tyZy8nscdJCxjf,32
01ewz4ezvpzgz1R1WOetVy,0
4kzoEK2irP3OadlwBZ1GQ2,0
4GrFuXwRmEBJec22p58fsD,68
2hFKBG3uG5kA6dVcH89nul,7
21sofiD2YYtvZmeYKVjPf8,32
3tPGDPk4zOrdlBsuS01jci,0
6XkfgTrHK84NNwjhonpFAX,29
4Mvv9WlJ9EfDFqGdsZhKOk,37
6bj9JFEnqeqLoIwAQoZfXY,35
37pqxCN5TmoEc26GWYvol4,45
7GoZNNb7Yl74fpk8Z6I2cv,62
4Uv86qWpGTxf7fU7lG5X6F,76
0wdROWW17xLBg22vg4UxXO,0
0N6HQ1sWJTf4QJxipeEazS,41
0XsqhKLzKCGw2q0VAT58Xj,27
7rnlxqdiSjjvceJLVMMmmv,19
0kpouDJIuZVrdJAKNmNesA,0
5CxmviZLvgRtZSpdwlOjR5,21
2Y1wI2joGTyFwQKG2dqOmQ,38
53oqFs4q8sfqH6IPiyleEN,65
5asaxnymoPyghtKrUwJrwQ,0
40L9yPrh6yD1ECI3ofNfPc,50
6wi40lIjhukePWyXRKY7qO,54
4UNo1eqCHs5xapq3JPAQgO,23
23nhRNDhIBcwrM3zAOsMO3,18
3qBgkFEj8QHQ29pGq8UC4f,0
1E1eyI5uGllppJZCxNoF9w,0
4aUmoAbT4my3dfPQTYUlOJ,0
2i5ROBOPengrLnTI2f0FBc,9
5BAukn6AWk5tubfqjtN8gd,0
4g1ZRSobMefqF6nelkgibi,83
7rEE5D5xsKP4yGpwXXF7Bl,35
0MF6LefTgS6wAVourTR9dm,15
2w8Wshbp9RCPJdPU1iOpaY,0
41ygM6Q8w9xaOEw2RcA9PG,18
1NqhnYAVqlHuPG2OlgKSZy,0
3jM5wZhO8avRsAnwQoj5g1,0
006xz9d04v6PmBuiwsGrhO,0
5M7vy42j0SLf0wRjnhL6JR,1
6EgsYSfVYAygvcDvC1IO8v,44
26du6obYLeY1vf6xIJ1l0D,58
6idVoBWP2mt1qoMtASm3gc,57
7HrcbV8uyekH9aFkTGdlrc,1
2YBFhPxpd7tFj3kd2I2Fx4,9
0NC1AcoK5y2cBLwzej6tqE,55
0zQleOSgNnH1cd0o4CV7rm,22
3KmUnwACIPjWkoe42ceStQ,21
7HHZgsyVZhSk4qv3hsMxdO,24
64jvb64H3iNncpeLsp2Clp,18
08s1DEHXRWo2g11qiN0AQV,0
4EPQtdq6vvwxuYeQTrwDVY,73
0HDrblLFAsyyytu3xKtbnL,0
7CqQYYERGNSq5xSgTuALLd,0
2dDHUt1lXEpLi4X2i2gAEx,23
76x2nDlvG47Ic33WYI5g2W,25
4aveS935cOYHDIGnb2RT5M,3
6Wsai43KQmmKlN29AWlXFr,0
3i2Ph9CJlR2hRT7YEEJ4L8,14
5rMPWLc4df5rb7AXxko6Fr,0
7IlfSnj2lhOWcwi5bBhgw4,0
7llIrd73aAr91Isw6BodA4,26
73NTEwHNdFDSEhiJAuS1K2,0
72QgaxlIeNeL3puohttzuA,0
5t1Zq3FKJcVUiIiLvWfjTp,36
09AkhNYWocEZWbeYl1YBf7,53
5jgI8Eminx9MmLBontDWq8,58
6CHVguUQo6SITKthJgkrnT,0
4Z8uk6oU3OYptuwV2tGoVO,12
2gF8vemxCNFFMK8CJZ9pP3,0
3y4AaloFccKNLQcZNS9L8c,64
6PodYTnewH2KdvLxaUz9oY,25
0l4z2JbRtpHJwPxkrQ1H1J,0
0CpKwwxcosSey6YRRCXESH,0
5FQ4sOGqRWUA5wO20AwPcO,63
2ezlCEYf5C0DLmAZtiUl49,0
0Q2RruJiJso9K4dPBXqLSU,10
4qq1TfULm2IhoJBJTulj0X,0
52u4anZbHd6UInnmHRFzba,73
3E66MWtdbuBftO1WOB0WOT,24
2gIJO0RLORaeRCT9G1E52V,25
3E4zrrASOUGQxzStyDoabW,14
5ciu3GM6WiMGBOSbQKgc5z,0
1W5YP0TlKjFtb2UZJThLpV,0
7fTeO9yatW5oHOJKKg6FfD,41
28nUWsyczStUhYKXTY1IoW,52
4MoVPs5mVFmZ4N6RmNTFWB,56
4QMKELvG0VNODbiFigj4K9,46
7fHu1FvjaWgF0u2lO1v5q9,27
6benu980FN4ljKWemx6z3g,0
2L2iy4zhRXsmx8rOKMYHRX,30
2RPUtz0BH6L3SMoQ6slT3G,0
00bR0PfkGVAizXpN05DYrs,0
4CGh0wfCdEh3xZVHx8uJK5,46
1CqrY9u8hvBHVbaOWE80Os,10
6FBufWJ6R7sm78mKR17gC9,0
5wkDHBQ8icpjnu2f7hGLs0,0
6byR9CqvWlDFhIQgjkrlF1,0
2R9rEVibO3wDnB950OThmj,37
4v0FSMsulZqfi28KIdwDfb,50
3rqnRIXXZ1FMZu0sUDw0da,27
5LkSXgSE9LOlidoLxnNrg4,30
0fMB7bCMHsuV4JPh7wtYVf,34
462nMAgJr4l14IqVngpOXM,0
5H1GK8PVE1hxmbpV3xobhw,0
2dnCDWsatb4A79qAKEtY5i,0
46EfQrh6YIDNSM1oUmVOv7,30
6uMKb8DaGGTHOjt9lBK7XL,0
4Wwm4xg2748zhYuzDRFTgY,0
5kgYWwewZt8TUxZFWiJlan,0
37phnoxKPcmDZ0rxmC5hZw,26
1OVmooGOQfFB4LVxxKH0D6,26
1txx92eEJCDTtMTAfgVW3B,0
3tMVOtNxL7eZbx6BbMQrpK,0
38uTfIOtaRx5boP7N8Vlwa,0
4FcFSnUhXN8MLoX7CQGdUg,26
5qBZyUnAvmfZLQnuD4Rwa9,22
7HF2XFqOmUAGGnoLwrVXgw,27
3KLLRiCnqYvt78H52TeZ1k,52
09VyQ2zwUx0EBKTJNBUZv1,46
0FgZKfoU2Br5sHOfvZKTI9,67
1JfOpzjBU4zu2bdslhx0fR,0
2uDTi1PlpSpvAv7IRAoAEU,71
5CQ9j5F23rS4IUtj0c5FUD,21
6jiLkuSnhzDvzsHJlweoGh,0
532nyx17juALZHUgA46wly,0
1BXlBg7Rc1qKMG06IJY9A4,45
7pzJo7BRoSanlNNHUWHU0M,0
4FTzWteiP0vCyT9h3dz7G3,2
1mluBZpY3dPg6ooZzb1H3b,0
334X6XoNKUzpAQbm5FPsMh,0
2io9FL9DbX7AtefnQXFTOH,36
3tytjxvis2l9kMtflIwC8B,28
0Q1dWmvA38fwsCgByPsfKC,32
4VvyfrmmI6jUxnPtwbmhqJ,0
1PZpYER88CCkvZXZRPzFIq,0
6qL416Qwj7dF4836BUTdVb,23
4OWI4aH9NFUiZVjryylP4q,11
5ZxSdqLP2yZ05usnK8CFWE,0
0CTMk3XKsfG1LfmKu1KCCA,17
0MtrOkXvjfqZPKw9p4008l,0
1CRY1VK5bl56bEpt0uTijY,13
3YGbro8h0S6KeOfw1uwSpg,12
6FFfQx6c1E4WCKRpnoT7fL,7
4AlpEoX5eyBWaYGBdHU96N,35
4kYeULYvGSPb5igBdYlJ5S,39
1gCBAfrnTTAFRthxRqp0Rj,3
0v1VLjgwVun46wA13DWUJI,14
2QPl6zzolcLtq6Qw3y9TUq,0
0vr7NUVMlclCGG7FtjoOtD,1
50235H1xQYRg7OaeEUc4ta,36
6SyvaSfUfh3zaqhIDhwAUH,23
7oL8vgqkkPnoQSmM3hddni,0
28ma3uJpA9xucrT2IxTjJK,11
3h5a97Q165hNExBkutPTTp,0
7z8FmmBQyaKGjyRfdjHZbt,7
2b2cYFRqeBcRZn5C6kZ7Fw,24
0ZYljH7s6QWxUkjyA7hLKW,35
4t6nPywBxll8V54YGGVB8U,0
3RaACfwYTY9uiDy3VSWLLc,51
3tlDQco8P9HFoR5CRC1BCj,41
4IMFZY59ree679oXQS36xM,42
7eVx4XXwY3KrIPGRrW66UI,0
273eEmF6BiDiIMYKpR59Qu,0
4M6GjdXOyP2mDqAQyd2YOz,0
0gAA09tbZAALAGebq8R3mW,1
1R1U1jFetkBOwuVxZgyocL,30
6q4083Ab6LFVefC6oQMUU3,0
7wkhfu7sSCJX5J7e5cIgEA,35
3Ctdbvbz5CT3HU42RjcoCN,10
5FQn6Ekdt51BqfWE0rBpaV,0
5DVxYboDLgL4zR9aus1buM,0
6EgGBFTnsLi1WZaHDtpeie,2
3NCaaR039Ja15HACg6hay1,0
46sews77v3EoXe6PzYmYdD,29
2oPqwIxdndHglrvfUytp5J,0
0vrKGjXSGcTsxNGxQdXT5p,4
7jvuTIYaBYqbTcLZZwXlIZ,47
2NARgVoFbISFNqQG6vkjk0,0
2cckMutNyENw9bBl2s5sYT,0
3RoWHqAJi5nmpqPyoV1fP9,28
6GnPOzkkAlFUmxrwnp1yjf,32
52KuMdJPXIvwWNN17uYt4E,32
33VFGIVhUuyEMpYUdPyzts,6
1Ht8VIROZYIdOQWQHCQ1b0,22
6NvV7b7nqNyTtwSkney5My,29
52eYeHZoxv2PoDyu2sNc1D,17
3TdQHL32iyoKbGVxk9tlhS,29
6RhSCF1Z3g95Q1rZWqpUdT,62
6DnxZc9FT5qSMKKFDdviO2,0
2BmceJHiy9RTyvaB1IU0P6,45
3zgVBVuG9PBt3qXK03dEjo,22
7xTzWLxrke9SApBsLZ8wfG,26
6igjsbuD9KHXQayKCbvWOr,31
575wbFbWx3ZRnvqr7lTFbR,24
3w2l5mToi2eu6niICtVYhV,21
5EExWVfD5JW4QI95Upzx6v,35
4SCGBO6mCW5KJvprGPOeKx,31
1yixr0hxXd5h9L9nOAMcBP,37
4X2INOotHxkc78QUPY1YGK,0
3qr4pTBWEU1SVf01j6RAx3,62
1xeCT1UZTYtQoOPHemjqyY,41
43EhX5WN9DQr7m1xMYfaLZ,0
4d2oTHRFwGifGFgve7zSGC,56
4AkswLi8Q76CdDouFhIQAr,0
779yRmqI0mXJpdoKtPj9K0,0
6M5exOmvINMpPpailJfe7F,30
21CurAtfqADbbAKaDcsuFL,37
4h8VTuMNCbkG4Zu2FYQsSe,27
6Hw2yQRBCBIqexjV8zD2BU,0
7nXJ5k4XgRj5OLg9m8V3zc,67
7rfpaXxmQG7dnFycZjLae0,59
2zwyBK8ea29FqWuY8IiRJu,66
6p5pW2WwgVECsOhrXPAyhI,68
2haR5qnQopCdVASZ92YTGn,33
6VlkhAo4FIgT7FKBFbhCHm,41
3fzIamfWtQMZqmTuyuyro5,19
6oWmeqbH3OH5nb5ITylbih,21
2XQV32UkdHrWvJgp98fGFv,25
45hyB6oYlrYAuFQSfxIVIz,11
4cNRdQKKG9vnK2nBQnqh1T,6
5YhYhxk3RlqStrLRTUCmJM,0
1rDjSDjjzVfpnsb3GgREFf,54
5TGmpcEuZsVIoxDWnJIan5,48
4SZko61aMnmgvNhfhgTuD3,83
1Co6e9ag1gRKcWdG7xKcCi,64
6rqhiXmQNt6YmuavJhCVNv,51
6CWb2cr93FdkcNNraD3E0b,57
5jkwdY6jS1Hzi8epr6HW7h,64
4gEwOC20SzNUWXTP7gs8Vx,38
1O40lM1I8uNKNWkxl3uDtq,32
6SLWWSH9BdG3RT68EGCPpd,7
11h10LGCTYrxFdtVnz8osg,0
6UTT0JJmNGGILUJ4jN0x0g,0
0eeaR1oyRAFtre0WoxPJSg,0
5pV1Zg2OdtkWwJwPOLUJXm,22
1OE6Z7yQJl8XpZ94ahMaaY,18
2ajn8LDh0syyPu9WDqDuzJ,26
0fGnk2NDBXDWZc7VNH0q0B,0
7Et3bSTLLqdABO1qCxUplS,68
34vlTd4355ddD4q9pPsoqF,65
5PKRMAhpXu9zjfniQXm9zb,26
5P6H4kEva65eEr6pMJEqoJ,0
1c9o8AiaQTSCCmJw81GRxO,0
5tH4XO9pngX7pwi0d7lclX,18
2zO56oc5qbJ4Ov9g1fMa4w,0
0HlFVr2GWcBQwBQkrSotDe,0
3r8FlxVrlLEZ4z9CkNfm0t,10
00HZxSA1sOS9T3nA950sg4,63
4On8nxuf68aMTWz8ohnbWQ,44
6JmkTqEAPW5pdlEyVpHhkB,0
4UOkmBN3sbi7kdI5IW9y2G,0
5ZJduzfpYQzyX042m2ZEAB,48
59KxIJM9NhO7kVYyh26Ulg,40
4nXsSZ1XwW82cbGVqPwT3X,32
7bgi7zCoDsZdlLKPonHZqP,51
1rC8ILJkAi4b0p3uqaxZrK,39
5By9BZR5hxGhbkeq7sAcqZ,37
6VAZR6xjTbBxJryzXaaomZ,11
0b175Yqe97hNfvJh5IzKeR,21
5IQPwP4peQsgADqrhuFEL7,29
5DPMC3g3iWqpWFzg7NoIG4,0
0kTSclkPCKfANMfQmUSFW5,43
2xIhksIizs6gWdRBYdiTLc,62
52ie13EXbuGv1YhEY3BpdI,29
3UTp6spxkyTdvsmJDPfb7n,59
4A4VtQU0eLbeUMaOdFWXb6,0
7wSig6uCYzfqpQxQaoRSJ9,31
154Ib0tWtQR0rkqjl3N5zA,0
5fkFWJ9LZizXE4yPenNGuy,0
7dh4sX5uRBzq59aSjafftc,19
3u4kEEQNdjQ5ewIWd9FIbc,24
5kxdPzutcONxecJmXUIj2c,0
2QLLCYKdaOpTNUJI5u7yJr,1
3yU0RU1upzcH9irEu4ySB3,0
2vJvj2gniEOEpDDLonH4sw,0
5ZiJ5BU1RyjnaVJhtIYjK5,0
4Xm2RzugogFZXcwdj06Y1Y,27
2UJHqNa5mnGhyxmR5TSVwo,0
09JENSYfsEw5Ivmf07Zbjw,0
2Rw1Y9SibxLUypy0JLRZ0P,0
7xdhIZ08Rxj1Lm9ek181uB,49
7t2WeWhaOU9MlnqYkpmLUu,0
0W4WF6AszAVi4NUBIzSfRu,19
5gzIebFHMgPW1jmPXDT0BB,0
7b3rkiHu6ihDV2rPLLs8JQ,25
5ENb57Y5akwf5BW16G1G0q,34
58OBbFNDDEETqAW87mXtPE,0
5ofsAIuuZLHpqfGdWjHKyn,0
57BgQwo8LpnA69S8Yw3aoU,26
4V1rQRHuuOWs8fXRl16OMY,5
6sJRlXexe9MPNwiISsnTTZ,15
6trNtQUgC8cgbWcqoMYkOR,79
6p9Y1K9yu3ojyS8fBJXUnp,52
4eK7j8ZSR9AGn3mR8WGqtr,0
3MH7UuhxYpvtQwPTdF8pCz,23
0CXobCNeAqXHOYvYLQvjlt,0
3hejjJbFsinMBc1KBqF71w,55
1x6E0JYj6wKFHfZQFQCpnU,45
5zi7WsKlIiUXv09tbGLKsE,80
5wn3QxfNJow26JHbu1IARx,12
6FRYVbBLeBOHWhaRm11ZUg,0
1dSvdsbgLtbSd7vUckHvKS,36
6TM1R6aTR2wGMMAZpwvXje,37
3q7TuDcZimTnOnpCYp5jMv,0
073y7G58ZFRONbJJSYiwwC,17
6lLS8PNjjP7zhwrbvNSF6L,23
3EYSkqWAlviw2mKhg052hO,0
5doqlFn9zzROMGm1FNMudZ,30
3M18HkT1K7lltPvizXXJpH,31
2nXJkqkS1tIKIyhBcFMmwz,0
1YVf1gCvpUKr0YGtgFVmfm,0
0wS6BdcboYJOojnwPKyQdg,0
3QQvut4jExohtnGQ6QoF6a,0
62JcJAgTFI06FHviKCdrro,26
1C5fvUNEkClZ2bOVnrt3gw,11
6r4vIr4aUsK00mGHDiQkrl,56
0sOiYz1abQehbEedvYUiKw,0
2BkXiUlcQvrefl4bs6eJ4C,38
3a5Rv110ZC1HoFNBgAo32G,10
6c7WKxOsmyo8lH9g5DIFuq,0
3uuE2MtcSMcgDVwrjUvRBZ,0
3qhdxKqksjkX6l8NDXz0as,30
1s1ybpt0oPym4Ff6AzQyok,0
4KBMoononZPCM80QtfOzXd,30
6Qf49c5KP33maGjYqMkz7O,0
2svsn7JwsFVNSrlqdmmppd,38
22KhzZIwwVJJTvG4dcVEK5,0
47xgnBgLT96tkYzRj37xh5,6
0fP3XhicRvXpw9i3go7i3F,3
0S0KGZnfBGSIssfF54WSJh,83
1peRsBvuNWGMgEcwj1lx0K,35
67DkNSnBpXbl8n7dVzJci1,29
2PqgaNuqIkNmX4FAzMcIAU,0
26972yJw35mWKprkVVyKYL,0
3idKxejhFub5byxHzwiEOW,0
29aZPkrXO65IqqEhhL3sA9,24
4wKeIVFf5pW5amz2LOomUh,20
25RZ0JqMukSLQhdYsFpJ67,39
6sRnAWcdLLdvMyeyp4059l,5
6BPrDIuEcdJUvmZKhB8fxs,0
2LKuJ9cDl3NITydPwFeX5U,9
0X6uATczHL4Bz1y1lruCVC,26
30nQIBMJkq6yBlrranEqdx,0
5oTMzdANxu24nu2YXJPHDw,0
0nsBX4zlOnYRGsowiWnk0G,24
7MZzYkbHL9Tk3O6WeD4Z0Z,69
72qrnM4yUNMDDlWiqKc8iY,72
0MfSeoXDciBaMnTeCmYAhR,0
40nAcMvt0mIfMakpf8JCJT,19
66w72hicAeR216DYOqnMD3,0
3qzmmmRmVBiOuMvrerfW4z,48
3kQCLx84QtyjvetdWVblW2,14
3CFZlHqQYt2gEKKc3PcP2Z,38
239FJRKEDIUlVJ0D0tzrvK,20
6IjhujdRd52mPEONnz0TAu,30
1GKyRFe45ZdZiUiQ91cvNh,15
0GgxH6eOLVUx4jXfsA7IM9,14
5ryBqWw69xLn1nLaPCGOev,34
0sgxp4plLPIO39EhCBSGaA,0
3zzU2dSR6LpTlI4zd4Rgzj,34
5HvKiTZHf1zHSNFcpqxtWk,0
6wjryxtrKxzTZID9kyZUV5,56
2KcgndSRaT7yKbYPDR3SsZ,25
07UlPMyJylAg1GiWhKGZfk,0
2SGHbXwTsuIOoAdBPsnIDW,42
7HfXjZR9ak7URSO1kz56Ef,25
13brYST7qYGqqnn0yqt1ga,0
7dhGfFJzs0Nv2WJwc2AcfH,0
1J3enVyckc2vOR0xOK1jZX,37
7diHYi0CglGJekoM3KaWBK,58
35XWsJcKVHGmDKE8XUd3o3,3
1y3jN9LkTstdnogs1Xywni,55
4TiJdmV0Oh7GauOdmfrXNe,0
7LTkF6yM44uMrbtk8i1wl8,0
1RN5KtqmOkwFuIY3ykeedL,0
7baBuE6ckkOndkiCfeb27I,0
2ha1TUv0o6VnQddOci7GIb,0
5rnayoPC6wJIDcmag8hQgu,0
2OKf5WlgqFgszrDsxMq07t,46
0qk17tnPXwAY5TqIy03boJ,0
5fLkVuTJ3bCR8wLKJD8TZi,0
7r96hilTCSMBPqqhnYouRw,4
3GSjaF3IWXUkwxV31kiXLk,3
0Vw3riztKc3FtS8t2WAXro,0
74Ovprbg1YGQ9fzhQT089g,37
6ilwmzK62fpPxxxia8zmfV,0
6xOlHhoKiehxpENfrefwwb,11
6WBlirnhALRAIlc2Jg6fZP,0
35W2whoOkRvqP72h72yg44,0
44UB2vBODExJcNCzQFYvbm,0
6ctal1GKD6hB5rrf6E0V7n,0
3slhzmSs6X8IB76JTFfLrR,0
5ggRrxWIGZ5FaW03hj6H3Z,24
5pMShIZc6oWiEtcQvXsKfb,62
6X1x82kppWZmDzlXXK3y3q,79
7hI0QCwcx9GB8MZK24IfTT,55
7gBTvhno4vs4OGLwuSZ7qo,24
2CMO4wv5fgf3YMkTD0GwjA,0
1uugUCkc33jvhFUQ6KzAYt,0
1MCfcBgAf2BdDvf1XzbmFl,0
3LCLvGufcofLSYkQ5hyelV,0
7exYh8fB8vrQ9FM0zAuOLk,27
7LcGly8W9ukYGe2VPe5EA9,35
59olnuVrXXgrDH4wknpDLC,0
1ZGxGu4fMROqmZsFSoepeE,0
0hDAUxNVrjkDmfzuVCueMs,27
3sRZoykfSZpEtVngmJDply,26
7oIB47BDYNG23PbBwWDv2Z,0
0glJnyA8SbcP5G2vtPDMNB,0
5DLhV9yOvZ7IxVmljMXtNm,71
2tdJzRmoFwJME9skwrPGew,35
4mEjB1HrWqmhB4y7MIg4tA,0
1mY24IYabBCLLOpgYWRZWZ,0
108uNBYGawRo3aQiaA7lQY,37
1BZoqf8Zje5nGdwZhOjAtD,72
3z4kJ9G5YvC0UIpTqJxYvw,30
4gyzwaAcEgOoqi8ReUWQmp,0
3u7XP4jmswtYtI04qxXhe3,0
6UcCSskONs0N4cttS7H5rt,42
0JJxDXBInnLfrBnQtrfOYt,17
3hJWpwE9jvJzTPNAX5pgnf,2
6fXNAGf1ihG0B0Sck2Mo1l,0
1y4udi1ddVj3gMxRuf498a,14
5U8ApCp9atnu8XWosMYZ8s,28
5VYBnNrUIReQhjSu4Nmd3h,0
5zDaRxoTVaqdHxL0uOgo0z,20
3YU4OKj5DQ58ckciTkOMym,0
15p0bDr0hQnyafRL7pZTr9,8
4WF4HvVT7VjGnVjxjoCR6w,58
7qUfuThAimgAiakhr6lcsU,0
7H0SVwuIScsHVUX0SpELma,13
3u38Zm1pGlCrGZSsUk2396,31
0FJ6fpxfsrO14ZK6opXPJk,27
1oJc9YDENIICqISDzrY9nZ,0
3mWu7PEWQzJhGfxY9Yix4d,0
2SMN8XrARD1WL7sKIKfzdv,0
5fABa5up9Eit0AP1juW4Qm,44
6LW9B1vGwnNCXyIoeDSaHt,32
4c7C2PVo9EFLZCEL8W6u7z,31
5iz6IhdQ9VCCuPw7UBXYaF,10
0oOKKo0X5bGI28vWBmXasU,18
05NjfB8sXBGCxkU4Dmwumq,22
17vHPMmoxN5B8cdhCDeMTe,0
1zNr37qd3iZJ899byrTkcj,0
0MV1yCXcNNQBfwApqAVkH0,74
7aNclGRxTysfh6z0d8671k,57
3AlyvIIMZyT5LjWFeK5LSl,73
47DbvIExnHbqAhIuzBAO9W,0
6eFkuEfykAUpthUiUeu3zw,0
7zAtwFIvAtyqJ8VaI9TYn2,30
7oHM3Sj0l2nXAzGAxW0KOt,0
5wVwM4tZ5iOCOL75jxHxzK,1
73EJfWeHb1YZENWw6LWU1o,0
1EcKdLqFqu9tThIMVkpwEd,0
18Scpsg5OV1iYNtSaCsjwz,0
4PznnWq19AwatCG4lsyb5I,42
161CXfemQHbWFMu0YAByUB,28
6J7xW1IJiJ82bSVsEWVCCY,0
48IUSNn5iodAQFGgGed1bm,4
17NJSHUMfykGiMRQAsAxmH,21
6ABaQNCbwJdP8zpF5n2Vta,10
0h3rxIcX0RNqqeNdj9ngZB,29
1GgYAlgZeF91MzCUH8WGTk,15
0tTbQo9ff9vukf551HtgH7,11
0istNA7Tb7oLTdqBSfkgon,0
7oqsxC7c573tcVK9LcKvSU,25
5478vb7E5nJWOXs9JcAxRt,0
5huBh4ncSbQS0awxP3FyVW,0
2x7qZE2WccELB40xcBY88x,0
0zX14T6PRLdPWqS6tpq5IC,0
56tUDDTfqaHqvcIyUfbuI0,0
0xw9YPHKR11AuWKzjLdiFW,0
0J0EokV57V8PLFL8TFpBce,9
4KoltQiyOJAt1ToaeyKkYj,28
0rYK8GLayXydwsdgP0n9rN,45
5aUBjUaelq51AQOsqxgzTa,26
1I8l7omSMeBcm1EDNCpMyw,0
15fEZa1JqSwrevli9NXJvs,9
4FKCroUOb0VCWrU7ClYtWR,0
16bCZJbli0FGp8tszt1uZl,0
7bNWMk7Oq4wz7qUX9FrRc8,0
0pJoKjuA7QjrRzYz9d6nXH,0
6g2gyivdRLIOCkaV4yjov7,11
1mLhvSMQovdvtSWuj9caon,36
2p4g5VTH6VjNErc4Ov0e9q,0
2saJH0I0X1fCCXOWmB52Q9,31
50M2o5oVvrG0LEt6ecgJXy,44
1teUSO03RhdZPpzdq15vR1,29
6fGzI2hsL0HGcc2RVzbCoM,0
4cTvhKV4kfDfANADB5WtRw,35
3HSrY3PGXumB7OqqjjxKwH,24
6ceeYITiFgzk8D3LVEE8TD,13
3VaK5h0eOYwhenX5KdB337,0
0aqv2HD8GPGDDM0CokS0Fk,48
07wIue6WmLDZn9F2du3sHf,0
4muoD957HsInUreETMTfDa,41
1Ua2eMYJabTwma32sHryhL,0
3HnSyd3RxlZNRnrW1RuymG,0
1lCSbBxtNLzA8cdu8GnpI7,20
2uEf3r9i2bnxwJQsxQ0xQ7,1
5vI1UvJLIPAKf1kvzgPaTO,0
2H7f4SGUsrJ0t6UwWzF23V,29
5lnQLEUiVDkLbFJHXHQu9m,61
1X26qkSS0JHmYIL6kUHkPN,0
3cdwCBE99sgZ0vJVlw2CMY,0
54FblbvyHNrWeAuEJqnyit,0
0NpAILtUwlrg2DYi2191im,10
6gbB2SWiIiQVtpFHKOqvFa,30
3w7jnLoJ83J9b9Za6CwuDT,0
38gJZWT7HXaPQueW4Z7GeT,0
6IJA37fXlhqlDIWClz4yh8,0
0zpHamNi20RMSia0YBxI6x,0
6kfhd0sOcKOOK3bC4IWdBj,0
3HpFST1edhuWgScQZcwqDD,0
7fAGnHQ6poScvCt2gxcxHK,0
6yaGP4bQqS3OowkQNs9NiL,22
18JrBX1QkpnUSJF3oxX6RX,66
6R4ePhJDTDNwX6xVmmYuwn,39
0iIxUPhZ7DRf6nYNE9ksFo,0
2xN6GSmwvjc6QT0UiFTsip,37
6bORev5aRxM5DzaQDUXWG7,35
2PcZjItgjHSkKFIiW44hHy,38
4V1dlCsjsJ2wzYuPK4MX4B,10
1Uxnxs4QeqDkdkVRNmZCNa,29
55WuX3H3NMSD0L5OmsLn43,0
38hgZhIyyGXmSvb5njwV3C,0
08AFpudbuGzUe3mLGcOZTw,13
3xNlOqBSM4hmlO8SmcLXJt,39
5jgnoe0auRKrLvvj4qO5VX,0
7kSa9AwcDQ6ZUScaXxp8zP,54
0fhmJYVhW0e4i33pCLPA5i,73
6uCVoOnmG7qsQ987NxJF7o,0
1uzfGk9vxMXfaZ2avqwxod,0
3XzSOIE6zGLliuqsVGLmUc,67
3SMIBs0b6U9970Yo61PNXg,0
5170B9wvcKvzWRWmTp5lCV,0
6ESZa0QJNmVKLlHWc8czQk,0
4IY0hFHbqp1PlEPXA7ldkM,0
6HB5Nq7lSjvTs3gJom6BXI,60
03K0iYeTVKHyTf0kEBoloy,0
7snUwkG3Ke47yLJBbwbcfk,28
3C8Mo9bFXfE2Zow2EqLfqo,0
65hN94M7IG3BjYThIlK1Lx,27
3Kz8nLoB0Ioq3qwid2o9YU,0
7D2NdGvBHIavgLhmcwhluK,73
7xImr4MTdxDm8eJsYnrHrS,11
7AEkLAKJArWz5bnIQRPj1Q,0
3xoAUqjKs7Ps7wR26VAMbq,66
0trzqqgJWvJLoVgNOabDT0,7
08lPIgUE5JlKwOcKv850Ne,12
5DxMTCWwHlaz4Hx1og50xL,62
4STWskplK0DNyJ4tlBYWZd,0
4jhjFaUZluEBFQ4BcPmlrd,22
71xJx0ofPxHwe08J8mOcpz,0
1SNe7Kq4pueLuUjIy9azKg,0
1ASGNkMTcydM6JMFOWzMmD,16
5ceB3rxgXqIRpsOvVzTG28,60
5lzAdmJFK5bKxUhgiAQxDj,1
13iR44I1vESNGv6QTn4Wwi,0
5KyLniblECy3rbrqQ5be1O,0
1mfmSJu39yaLllkWFw4veG,0
3FhTLBpi1EgSrcrXIwXBS8,0
0RHndFqTdXbL1bUlht6zKp,7
7APA2WbkySkWRFHLNxglM9,0
2rlgllJI9gD16geybTeItA,13
7EWi5y6EgXcW1TuW81Y3Yi,30
3xybjP7r2VsWzwvDQipdM0,79
2agSsSBnKnby355ncQpQGu,32
5ra51AaWF3iVebyhlZ1aqq,63
718SRWdMYdCqGx2fZlagDF,0
7i1uRaDZbc53bpjdTmJEBr,0
2hGtWaPtyDu3xxofiwDHNC,0
5VKvVk4gaPAJyXjof8NnzX,46
5IBlHc2PFUnvNjJVtDO4HV,20
7v6BA3ieH8ObGhaYxpGNJI,33
2h1iqHf3AAdSQxRhgtZrhQ,0
7Cy7mBf9lW1eDCc8XVYD4D,0
2NhQapO6mTOWbip0fvru36,36
6piAObRpqa9qHrvvK6iKMo,0
65BAMzzr4OjZ6ygUZ4st1I,0
3ZuV64RqjpDEi1XSu90MtX,0
6SHpvcYKAzIKapLRcBrfLJ,0
28RB7xw4CefLXQhCcOpA5I,0
623Ef2ZEB3Njklix4PC0Rs,0
6z6klUcc2ExhnS6rrOdbmm,0
72H1SGBSTuAVTMpqrYXKSP,0
5AWDEEdFf7ab4X6HpfxLye,40
0NURbzqbJUKn1BWykCnrmh,0
5Wpw3zGXviELpf5X84gxn2,0
4uNUeqtd0SaLED5oq1fPVL,0
5z8UHu5cMBPqUPi9CMZpO9,0
31fKBqNpIIRDSiBoTv408q,32
1mFxkiZ0pxfiwqw9dsp2JJ,0
3dJPqeLACEg81cPKqRwLsa,3
77oFsOpnRksjnaaHR99vuY,31
1mNIh3zbJmv3yJwbHloPhc,0
4SSp92xYJKNuq1MZgVPMkm,0
6lPb7Eoon6QPbscWbMsk6a,62
4pGwe5BW8GVtIP8ruoa1jB,54
2KVBhRpYqnjAVE4eWW3W6g,49
590BMOg2dG0leucpzEiWMj,0
08hPMSKfjLDJSDYTGfpsuo,0
0quT4AAp6j4eVrYdYLIDir,10
45Q1O18brNDjCRlXQ0nQCD,0
0NeWQGtJD0LfXdVvgYNZM4,0
7ALFR4o9ZXfqNVv9EOORn1,32
7KRXWeJYBkyUmwOFTayiQk,0
66q0q162WOFuidbucN1Jdp,35
3HELUMHz9zL4T3BnwrXiR1,0
0rIhmN9xjS4CgxZH9q9k58,15
7hBg48RuZQDZZvss4RDG47,26
2pU6NoEXYQq2bv27p82faA,16
2uzUkvccNmdiUSgyczDLBo,31
1vWnB0hYmluskQuzxwo25a,0
0wBiN0fKhy0ywx732SpgUs,0
05A41BF3z2E5F0tnTyWRNh,0
1JZHc4kOkTOM50MqPn91iX,0
0hQOqvZv1nQvPiBjzyn363,52
3H5a0ZENDzP1mMcYhwizRI,19
1T6VXkSGLyGwJ1l0555IBb,20
3VTLLiRXLrDxRqgOaA7yjW,29
2PPjvHx47O7VcDe9CFdc6w,11
0xEZNuyGx2ldbcRyIyexoi,16
0Ng3lyNkoJuBXMiJkbs9dT,0
1roLEv2utEsKhcuKA6DnGc,40
1XQFlFQxayYyDR1POfQHEa,0
1awGHXEnKEn40VYbXFoE16,0
3vBx19MVX89jILEWWE4syK,0
2oenkFNS8GLDubNAn2gxQH,0
4hnjhj3GcyzUDatpKFHQVR,51
3Enm6DNcGmhOKWARVbfwFv,0
3O5dkeunXAqEeXMlkJSESE,0
3lptmTh9SD224S4ZKKgCgv,0
4Ys7HKp1l8kbsUOEskpiKo,1
3J9ajK8U5NU6BmuBHc99rV,26
2Qtm5t0OLMIFS0hMEAxuDY,0
072c84jsgTqoMsCpK7K22M,16
6U81udZDCGIHrT3HlHqgwH,0
0c2To7FAmKgAeRpdrobFWP,25
4nYAc0RrRnwVGMZvryQL1V,0
6mZgfFzwF7kWToQgcUh9me,32
1gpGQb0m9LN5PuJB7SleZx,0
4lIiZz3vOFbKpGEUsFwMEb,26
5R8OnsyBVhpGAkTxXh70pp,0
5Xm92x2kUsZnAlSbDWIe20,0
28pHz2kT32PUNpZ77LnrwS,18
6KQHrwJdcPIUx1mb97b1Nj,50
3ZiJqSVnlkiWIHcAJy4yvq,22
6XzoFb3hP14jVQeCMRdVJR,0
3tpCzBzJytqzc7eHcJQChi,39
6oygXvxjkWj9AhXlGQ1F0g,12
1dq9zwuISlKc0iP8RVg62v,0
7325GfKum2hDK231i3LqA7,0
4H9eL5O62tZRXwksrtMQfN,0
2nDomQ200u6cWSeOfUHCBA,17
12bwbS133rDx7y8aEYcFI5,21
44ITVuLLNT3s1JyXWsMjqv,28
0RABVI9H6ByxyDv0yrLhdA,0
0PcGLp9I02wkK8us1qxAz7,34
3b0zttuWwba0UCL1tluQLm,0
5hvYccFQp8XH42sXiNgAhI,0
4IJX5ZLfxVKSMmRbDdHwgq,0
5hZ6ATQlJAMafPPQF0pgd0,6
04uXkrNhFJ1iWEo88MGPva,49
30wbr5CYayaCmIq5wVJ39p,36
3JqHLpGb2rvTCbGQevqd3Z,26
0prnfqEbMp2H9Wkmo7jw29,0
1yKIdLjp0zUVVEPfwdjQSW,11
7j1YLIvFgaWAggSNbZLsVW,38
3eyz60xEK5dGEeZF1JJSi9,47
34IybQxezu8ovm0AM1rz4F,0
7CZWGvcvcnXWpk3xJLrAzm,2
7AyYLOmlRsTz48dX0OIzgv,41
3SDLT1KLH627WgfP10RA3r,10
4CTSfWR9lI775WYMCU77BK,0
30qym0cahQkHnaqdo3g0jq,0
36d3VqBAaZxAn5QcaKTVMF,0
11xJKDMAnjscYdPl29LGaG,0
0kSyV3F4Iagz4geuHL8pWe,8
0ou2TpKnK785mJKgu0wZ7P,0
5ozMQsDFl6QNqB2bGiMuHU,0
4H9vfwdQGufxM6yXeTtHzJ,0
3kYjnSHIyJZuCHzBoXBPn9,12
4TgbIqHB7kSWlrNwst9qTU,0
1mkdFuyDtgISvmK1jHfquF,22
52i2cgvlZVoROcpvpK1AcE,8
51sbT6gvFD5BnGU8kGpBVw,1
7bGegtn4zsE5xkgCKzdMYr,0
1G5L0bEn1MKRKT98AhfVRN,0
2gOAsqbkngU1dyQHo87UpK,0
098htENdjaFFSWNegkNoWe,23
3nf80MTCdRwLJ9bJ1fDzjv,22
2yix6ciimzalVAJKBnQd0t,26
40F68tBDpXPfyk4438lwxB,21
5S7qgqVydzf3DjzkjVoNwr,26
1hD1Fe6cgz5uQMsx2fctAW,0
6agmeioaDOBupymziJihgB,60
3rqqwtJE89WoWvMyPTvbZc,52
5StOhEbCe89z3dnGafBpoE,3
6JMEmRflGalOMQLYuFHVow,8
1VtcPA51S0pM1TVHwokT7q,0
0K5zRW5CDwltqRYzKnO2l9,0
3mkxNcjlGsLatIoZbIhWtA,26
7J4XJBu2wbJG4pO4qb7nvi,8
1hK3WRccdUDpNIB3zVATBk,0
3QaujyUDkMoPwWLF79ibGC,0
6wQ26rLmnB1vwlnatqvYSx,0
0jqvoJYvLjVWoHrzZQFcPp,0
2Wm1dPwEOiM0uOHpj8oy3D,0
4eCFzY1f02rFtdODBsGzvO,0
0E807CRBmdfGNRcnXVymp3,39
5hXjtSmicQETbDf1HNfEeD,33
4TVqA99IIxAoaCeTyavXbh,24
5TQNDaPGGHtDWfxbAbLfzm,0
3fJg0FmitjtyZuxDjFh3a5,0
7qDhLhetoPWFIkNtUicoe5,16
0MavQ6Q0rQOINU1Y8CL12F,0
02Ylk92aMVk4tVlpbSjfcy,0
4h4ZDYmgGIo9XTmsN7YBxz,0
5rojZ5uUIKKkfNsFT92Vld,50
3wniBkxpRBdgAv712FYxFq,8
4fu25rIwwmMT77lPjdWREr,24
7nUB5er2UpBMraUXK2wWRj,0
5YHDy8wLZRaVKH8enUQHAE,0
3Z8MJj1sIUNn2fYOdLmuTe,0
5nz5XXV6eV7Wn2glbErVh4,0
1sqdqvNwrtex7Y604obpcG,33
61SnRwAy5JescOO09NsRcr,25
67ll2CxnJ3hUdRh86n6yRW,0
3GTMnVBti9hjeV38MuBAex,0
7KG7KAgw46V8TGZIbI91TZ,15
0CAXEcXpruvyGKSTjyLDNu,0
2eXM9RqS9AQ3on7sgX1w30,23
7ldc7KAIZ3JmsuCwIHcS2B,0
3dxRJsfpIffdjqBv9qDeQs,0
07lumzt0xDO5eyuWwvevAJ,0
4sdd6c6H5HppysP8pLQkds,0
47xaqCsJcYFWqD1gwujl1T,0
0qeG2StKkF4OWdEKzRSKLv,0
5LHHLFQzgHPlClxb0dJeT9,0
3x1K1PRXP46jngp3SAxB6M,0
0wRqVYZwZHrlU2rednB1ok,0
5GzxK6iAZR2LeJKvyS44Ej,16
5HCi1WVOT9SGks2deeceFu,48
09QAnlXi1SLseEFyeJv2Ed,25
2cPmeKiyUBdYDyFG3nbPpN,43
7aY7UC5KZHYMnbhzGWFqTw,0
5hry2ltYzPRGdvvw6wJcx5,28
6TDPaaKFzZV8ervSTWl45w,35
7HMmYIvxb5w3Ql5n6CMR2U,26
0T5ilbdqwOxGieaZQWsjfR,29
3Z2XUjgVj5ZkCGpU7b2qtY,46
1VeRcvnJO8aNDEYnoilYpQ,0
1im9R8CDiJAosjTn35shqA,3
5JyzoQIeXel4bM8tHEwkfW,20
2h9FnOW9BOIyvEEo5iH1r2,25
1Vr24HWECkKznFnjk3gzuY,13
6FusPVWPCKffpTSB9TSAM0,0
6JHc5gsXkEUwu1D2sNiGuL,0
0sT4nyNxsvGNQr1O8OR83O,42
2rq911yHac9zRBEK4eRdrk,0
6ZTmHQNK4qBaQkdJy15j6w,0
35p0k7yMl5SCNBRWrJpD8Y,0
4DO0EipTAYZYaUDSoEVK98,25
37zsJhzlCbONWpEAtllK6Q,0
143dMy2NJalRNn5AdOA8AI,3
3AJb29zmmKd0wv8Q7dFTJ2,19
16bkk7YWytTk5I3VPMU4mv,0
1S0RtAabyNrG88zre9tDWa,14
7DER9glBF0SYJU2R54Ipte,12
2IBm4EZ2AUUCSYzFAgCNBL,0
3qOHdlLWhESbMKIzT7oEj4,16
7HZiCH57u6DKHqdYYJ9fXm,0
0AVPusXNzK1jWwefBiPJ5I,0
2kqGs3ihAxpHSeirDydDf0,0
6DrIyhtCOAFTEY4dB2mKl9,0
11xUkZtf3LfpxiNfKT16FV,0
5LLyzDlkLIzHti76m0IFkC,0
0tqsETIbijRhntbtbKizin,0
1giCdcjze6MjeImaqPwtg3,0
3W5tp6cyWAlOgGtVVdbYpk,0
33UOrxCqUHQDH3XvNEYWoP,0
2dlux770IY59WnQ1pTCrey,0
00fSaWJTdnyq4432tghxXu,0
5dbPvtSF0v9gE12ROOMxSO,0
0ZroQbwXa65l6FNFNMpawN,37
3TLaFWQDhV1g39Qwd5sPAm,55
3imPheOjLtkXLyY5h6b6Uz,0
44x7EAL45fKkoKvo6g3eF9,0
2HY7I2EGsIlI2tkFeAqiRZ,0
3CFVTstiXfXZDHF6EeMnGf,53
4HGpekiabmZyat5xw23uZB,41
6JXZSCdGapJSVCLvIEaee7,0
6HKZpUngfaNE6juRB6kq1M,0
3Fd3cMST7377wdC9iH9EnP,0
2ZMY8uErwEo0GJlGJNJRce,11
4zb4gmGzDYtlWMjmc1NZWW,51
6zGbku7HaI3D3mGmbp2NAL,10
6BnbfunFL0yi0UTiM7PmNg,17
6W5tKN4YadNjBsJjX7zgVT,13
1WphWA5gRNhOhVM5om4WMm,0
2MdTsQBOs71AZuqETMyLY2,35
1yqUCdbw73DpnHBVDwNa3X,43
71i2DEJp6T0ywlT62T3gLv,39
04uhhcjGVCHodMgZjXOlye,46
6XoxeeeyZgzqUMzUBUSDG9,0
1tXfhj4nx8x18xvwCEKnTK,33
70AZz9g5tbnbURmbuAbCxI,45
6GjL1lu6B40M3ecUqr6YSi,0
2mhoBMWlChacSFOJ9bdxVt,7
159XL2dOUbe7icvavghLkU,14
6ki829oCnngPMQqw0y01Gl,0
4z7ma1ujO4FDL1l2YBGw7b,47
2gc9WOWqVRrGUENUjozcpY,53
1MOub955Uer957RVqqkF2a,52
1F6HoOK69lMDIb3ujvwlTX,54
4sViScISjVkSAoIGpYWpHo,0
3jVHR9FP4GdQnvWiZ4LFsD,0
3kEtdS2pH6hKcMU9Wioob1,68
78Fgb88MY0ECc4GVMejqTg,62
4UhEjfIRx4tE1XRY21vwNa,56
5sPXpdvWfskJIrle5SfMoA,0
3rV1aPkrWyMs6YTvTpSbIY,56
1amYhlukNF8WdaQC3gKkgL,60
6sVZ5vKP9rVkPMmh6K3G5w,0
0188z0aDBD2VJmNBc9vHM2,0
1N6ql3Pigth7u3PhjgcJKh,10
4vCBgBYKNPwFcxKgwWlmzm,0
3cHy1ElETNGA3sKmhcEe3T,26
1cXh2qdUU2cPCOYgYlTV8R,0
3vwAdcLjzXZrLnytgGaFyF,0
3COZ62rrbnuBooDHulY4zw,0
3r3vy40TQGKKs6WMMCh4QU,0
7fqRdJUGQGys4xD9V8qY0J,0
2lURx5NdDYmaksMwZLxDKV,33
7mle2bc4zQRcyugcwCawdz,0
4XjREV1e3OryzM8tGYuohs,0
2EnnfPOFLPc4cs6TAKZrBu,0
5bmfN1bdJb9vQzb07mCy9A,0
2iDdYPZqTAFwyE0SqSuNCI,28
5rPW00PSItkaOykcay4H7o,0
5bIxb5WcTzJRWlSFZ2E2YL,0
0n7qEjz9ITwYogBeJp5XGH,0
1ZSeYdT43ki4VbcGnuu27B,0
0btRAeLcM8m5yfn3kivFjq,16
2M3OVdt247scgFqARGGL6C,0
5U2hIEObpi8FOApxIeaJdD,40
346ybLLYAtXpAfpTFH0Pqi,2
0u5GdeMzPuGFMbkJgt2RHz,35
1Qzmv9hS3iDJf3tE3UdY6Q,0
1MjZ67AWa17ivGXXWXhGSM,24
3YtDhWqQOTOT6XD2DQHpBr,0
4nqut96tZjF7mRDpyBLIF5,0
2MWgIRGRWp2c0i1ak5bWVI,34
5PFfljpjK26ul4ra2jZZ8t,0
7IreZrOrzhzb4gKDIyRYkh,26
2RmmiMocgFh0MxSeUy6D0S,39
41GuZcammIkupMPKH2OJ6I,83
7j4m8OUy87xQsuIVJQxF3J,0
7rn1PLjCixBvMzMoPoDyAG,0
3HHQ6BlkOPh12w9y0v8Lup,27
0Oqc0WEW30oJ1g4jq097sz,0
67smHJOf5YlFwad6dAlppm,53
5qApsCY11yHnpQB6m5RWWV,17
5rWVLiCjiM8XavVQgJHfQV,0
323YNjcMzY1g5JQBtJLvXw,0
2UuvBxV56QWWj2uviGS0up,51
79GSZ1xDApKaw6BHNW5yly,26
07cuUo0ZpLPyxrN0sSzeWT,0
6Te111t5gDZ7W94myHRqUt,51
0mhLuqOLyfZeFaO8JIZnPN,46
1hXts7N5BNJvreAcIkSbTf,0
5nPFqFsQU6S0F5eWYtVU2b,33
6LPZgo0gjHTMmOwzMSUqAV,39
1zud5pSSY2vmCsJhSjEb27,28
0bqhVCmuDOA8IbvbjvWDoe,0
6k67Ldms0tn4yfvp7VhUSP,35
31w4LVOMzjE8JkzMb5jQDE,21
6OtjHwFvd4tA1sc4uoLXJS,20
5GucSY3249qHDx4v1Hcxry,53
6bdoXR3dL58zoYjiUwhR3r,38
741kw8J6wATAdEq4a4TdSx,0
0CoVa5cPLOwxR8Z3XeflhR,38
2qqVy8a4qk9FCt00hal9vl,40
28enuddLPEA914scE6Drvk,0
6WeIO0CpDMiMXTglv0KuLr,44
24eRSwYbneTDkehVHM2MVf,39
0gyFnnbD5FAkhiwiXYe4lM,0
3DPdNtQ4oT2qnfLfi4hbWz,0
05Llg0tugaAG3CKufAKPLA,0
6xzA9LMMIyK07ldG85hdYg,0
4mYnwRs3nCds1vIZn6oMFd,29
26rGYscuFwQ7GKb9pgek6n,0
5mG7tl4EW2xrTy5rI8BgGL,0
66q4QLWTKxEZnADbRRTnSd,0
4xHJhyBJJCoW8QpHZHPYDC,0
279n8A7MneZ790ohTb6g6p,42
1NfrmcXk8xNennyxQ57JcW,0
2HrTsqwGyIXPvEAfZAwSYE,0
27ThgFMUAx3MXLQ297DzWF,56
4MMDpCcngjKAZGinRwuqZe,12
2B4y3j02ho6XNF8BEzx3JF,73
5Hfbag0SsHxafx1SySFSX6,46
3SQBhLa7AkmCNWuDmJpRkD,30
3aMsYP1nhJx0rJ6DX6bvAe,23
53vsM5JN76NXiv7aj4PXK1,29
5pQOfgCqpu4RrJAfQToFa8,36
4L8vITPNBXuctiWVy1HycD,0
5CAhrMWfi3ClQiaHKG8C6Z,0
4c2p3TdN7NcQfCXyueCNnC,74
15k99o4mZJ9mfpQGIOrZ45,59
2o9McLtDM7mbODV7yZF2mc,0
6c2FMAZeFKi8pui6dlZqXB,50
5WvH6iJv1nwgpceuSvvmaa,0
1qgm6HW2V0GJXwpL1irUYl,26
1vt0fTUXIyp0K3XlSCa7wc,23
1osKYQM9dByIEYKPcK7qTW,0
4svLfrPPk2npPVuI4kXPYg,0
4BEentLcVNeqzfyRN6TGDI,42
2y65dMRuOLFi9YhGGJ0Jbd,32
7BWaaErn7vx53MFcpW8KRC,42
5Js1gpsRNWvPxHLuxaQ0Wi,0
3zzkk0n26DWgqVuQkefg0J,0
4JpJlXgZLaXvE2LoSkEGCw,0
1kK5XoMLTuMqyTo4ZrRHRc,0
2HDBCM1fDFZYuH0SVGMQmL,0
21vNE48kEQUwOIDNfG8Ihm,41
5XNslstpf2QlfMqJz7T9p4,1
20tMu4kp3rjLEMVuEHqQTB,0
6eEreIF7TAIsZGlNCDR7h9,0
0hFaaiuOJMWvpdauMUQwr9,0
2GSFzX17AWOdBH2bk2q6kF,30
4L1Astvd0LwOkF49jQ2Uyt,35
0j9MUEFFxaPhPnmI1zbznF,25
4VR3aG7CkY8e7tQLfYkTeF,0
6KjHahqqLM9HbM3nkO1yR5,0
7KJnGs93dvqI6PWZKVHEbe,8
2ZytN2cY4Zjrr9ukb2rqTP,71
0d4QkqH15rWH66M3Xg1kGf,0
51Dseuoc3UdyYVxOSMELad,0
35sAACXEXnzsnibV4KwJs5,1
2EUQfC9NRsjhi5BXMFyOid,7
3l8SnuQKsyxeN3v3HPXLwj,1
5cpTqF32m8SehM5V84IsEj,7
6dRctIZQKuZCSSoR6QBBv9,46
0Sg73PbRRp9psCOSIk8Nym,13
6RNqFLUTgCop3Uksyb30RO,0
0FOAFmdS9StYdW3hrSnJCe,48
4Wt275jWR86DOTn7zgVWFR,33
2lEVsqT80Q3vnYlRkUEZ1d,0
6GmzqVhqvYCY2JdY4GV7sw,0
7gVHUNPQr0AE2A0Yf5MjqR,62
30F6SbhHz4tI71wrAHzOdX,0
7ijgeLAW3W3vZ9jf6tozFq,53
3uqZgAgZOY8NyCqY1VmosA,15
6upYXH08wD6A2KIEjWCVel,21
1UsruEVoYrg43BOPvwAHry,15
6JJXeNe5aXdM1zX5yp0fpx,0
7HiCDrSmwCZnrPYHNtL9S0,11
6N6jG28QRHnZ7Cd2ihsmmO,0
249DT5GXRFmm4n4S0lxDsm,35
7eyQXxuf2nGj9d2367Gi5f,0
3IPhWIXHOAhS2npnq6FiCG,37
43PSVdrMtPSbgVnv42Rfod,0
3AlSuZnX4ZCab8eoWnnfbm,60
7eaE1DXc4HXmlUqtwRIIuG,0
2f2AauWieTBpHDodyHYOcB,0
6RCEPR3vf58GQTK2sT1cQP,46
0P2zw4WcGuYoL13KVABZuH,0
1M6HV3sJSB93fH43M3Sp4V,22
6dAFsg9RqQKoevmDlT2LJO,0
1bS1J4OVGrpu6e2U2pHge6,54
61MF7KYpfWzA0pLPHq9gI7,0
3vQlozRFXWN4S7iILqlDrj,17
6OObIGDZfZvg3jFebYG8xV,19
0EguP4tsJurU5I8ocCxdyb,55
4Yu6DuhOreMSxWngOn5Ya4,0
0E1kct2Ie9sbN4OufHHffW,0
7ccP54HOejyla6bAxCiWuc,37
5EBGCvO6upi3GNknMVe9x9,0
0xRY9qPA1yi2ohsVLwNpBF,0
3fW9xaRInDUrAgMw4wDiJm,18
6XmWFFuucAiARbLXJHq7QM,11
0wQTT0F4UhFDWp3yD0BndQ,0
0BWIeVf7YjwbUdQPNm14PT,0
4hjP4YIrxNBD8wEcf0fvrJ,0
3l5AwLKqQ42VJbc5lTuP8G,53
2R3Kmi2JbJWPmPeCttaLjC,0
07bIdDDe3I3hhWpxU6tuBp,54
4HUulHBL22YUjwG5WTje5N,0
3MATDdrpHmQCmuOcozZjDa,73
6WrxGwuylVrf5lYr8yysQr,16
12ppFpiTUxygDrPNwTGjPb,0
6oKv4G9WSrjFNqiIxdIpQQ,0
1sLiXyFfBgQfTEggzZlB38,0
0xlwDS1LtpqlHkZMVgtle9,0
2LmodhQa7ayWg8qNGxJDY2,0
2PXy9USZAoTSdtrxfkPBnl,0
6GY4AEfUq22acXoClMjPzh,30
5NRnE7jLiB8MC1xZbDFwcg,42
0HfXGOwYy1JiU0V5UJNSbm,25
1TqPRFcwumLJCcTgguxkLe,0
5vRfIDOPJHy3W2wHWbzLlE,58
17dsllSewkPuKbkGWU4chD,67
7dP0yA30zplkdIp258fbxP,49
19WpAYziQTJWlqGydLgoYV,13
1nZo5jKSvVpRCz5NcmqF0O,0
4I2fX43kU3NNU5QgnxB0XI,0
4anxEzh8xEKSPXKHGWiFue,0
2Ti79nwTsont5ZHfdxIzAm,81
0f0nGqpgiu4z6wg0Mrcs8L,0
1FgdZIp89wvT8Koy3G9tgb,0
5aD5YOjG9xlde1gbFVOQrQ,0
4skqOUXyBUnzxVPNPxrGWV,0
20P7AYaleRjg3IOcehylSD,45
1ptk2Jtcr40GKPYSnUl7l8,40
27mNQZONIXj8cIDmDNMwqt,0
4Wv5UAieM1LDEYVq5WmqDd,65
4MCj8KYox2ed7vtDH7nlco,25
4e4E3cruorwsk3QnRwML84,22
5rZPctLvC5HAZQUXZXjLIF,0
2qCyMMQ785sPH4Yx25GQZ8,61
5wwQGuazQaPtxOddReACsV,0
4PWBTB6NYSKQwfo79I3prg,78
17C90B1H8gxYa664SSVM9x,44
4fOw7xSDwqb58Z2Qia5j81,0
622gmiTAUET3WtAZq8aXtS,47
7oX26dsvzTDxFEJcxEz38j,0
1EvvUDj0DKb0O3Dzxx4h4V,0
2s1ncecjzOlqbTDhnPAWhn,0
262o5a05pMUDSV2uzo5EwQ,56
6Xz8eKy8TeAyzwGr8QSOAS,57
0glWUNA3VeICkmoEp7UwXQ,0
3Eq4qTWygAzH186V3q5D8z,0
7z4UqvGprXWpQ0wo8ldLDA,31
2Y8hlTzkAumTa8KGkxd4F4,0
2ZUFSbIkmFkGag000RWOpA,69
5snUbps5KleLIP0cVI72lP,54
5AVC3IUtdRi3sYyD3pft2f,19
5iHriAMstCv20NpOo0BX1A,41
5PE7QXR5l27B8ZRyuqdxcZ,12
4fh2xq5RGzHvmzNX7igAWy,0
2iu3Jv6DPKyFLKmzavQE25,0
0nLCUby65vPnn29qRPFq4I,0
5pwdeiIEpfn2TF7M1J21MR,0
76IdrUoD3S7mXFww6H78Cf,0
5c7XChrHxYaqykCZLaGM5f,0
3iVFKUpkS32p2YcLMA02u6,0
2fPGTGLDiIzvE7tpUP5llL,0
4nNZ5UJCzhlfJbip0SDLI1,63
1Nz83kEy06C69cI1zxF66Q,0
7A4XTGwuMtiVXCmdwvS2aH,28
6PW29tUQgA4iXqf1oM7MTK,0
13jolTb1DQl8IVPczYtQJ3,0
36E5LAM5D3AKnVx8s5dyc6,47
5yiZbR0SjC2keUA5b4MhFj,6
6oeY3dvDGQ5hJxQNHxA8dS,33
6NySuONTKK6mtLG0nF80Jr,37
5AF0uxDdW2IKi3r8jqVgmq,44
1p12OAWwudgMqfMzjMvl2a,61
4hnqM0JK4CM1phwfq1Ldyz,55
0OoRiTZs9hsRz7KxB8JkSX,44
13WjgUEEAQp0d9JqojlWp1,0
7sdPNv73USetXczqf6ZLvz,40
2mrXUtrXcbq2NDLaB97xBl,11
7EOOQpf1oFuSyXzvpzRQS5,0
0wF7e3QCjqx2eACY1eMP0Z,25
4lhJWoHwt3ccnMN5G8GkFo,0
05LEST8E8mkEIl2LRfUkcI,64
3kb2RI5xBoXnDqNbHEcW7X,0
2anR0CWeiIAyEE2VNwLTaP,0
3qeheeurjW0lNtf9d7hJLe,55
16LcjhPbRmHoHbgS6Qscjh,3
3e7vtKJ3m1zVh38VGq2g3H,0
4NaE34wj8KRWoxRmgbr915,48
5UV8XfAHCmxn9IC3DH8M3l,0
5lheTytGmdGaGlxzXu4uDY,0
2ROptx2K5R4YYqlQQRpT7k,37
4FWvo9oS4gRgHtAwDwUjiO,60
7gN7gWms3Uz0GLLtLYHybk,32
6oRuinkJdTge4hpTuClEF8,0
40ndDsBa2V2PKozv4dMuA0,31
3Ax1WiEApQzgswedf9KbKo,0
7GGoJfKFOwDNuiLjjfzyCS,0
2YDNDwQvsU0njt7Kq0xNRY,3
7DkzymHZTu4YgXRexqzuGe,0
1WgPeBGSJ4TNCkBvcaAkx9,14
7Ix0FS4f1lK42C3rix5rHg,0
5f8pMn2A5d5lKMDapYbCmp,0
3Purrhr5jIgL2UrYNDcGS3,0
50Zz8CkIhATKUlQMbHO3k1,72
1XkGORuUX2QGOEIL4EbJKm,77
78bpIziExqiI9qztvNFlQu,86
16uv3keKqYiWt79hQcgGR2,0
5P5BNeX3KSQ7FGbLwy4Qc5,0
0bIIAFfF9qycWfvl9dzYDL,0
2NkiTM27zczYOks8y8jzgI,10
0zp81ADGZHpNHviDhIUCFw,6
2cRMVS71c49Pf5SnIlJX3U,0
30mWh7iOWxTJTLExLXCS1t,24
7eTNTDNvSpj9sDt0lFJcFa,19
5ncJvnGHTT0UkYKkn1c7Cj,0
0Rz4ydhH7ScZIlKFX062XO,7
78AxH2Q2p42OjLBiwB34dC,15
6RuqX6Qra8dmcmYJQ5ffcR,20
70ZF7OosvLYyz4c6ZoNEZL,0
5VOXi2I97fMXPkFvmeb0eJ,0
5v9C2UKknyqkGpMWAr5dUO,0
0bOxQkMO65N7QoNALqq5H5,0
5ZyO9Yu6zYWcGcU1CwTu0X,0
1fQmZk3Fyh76hTRuhYTire,15
0m1RgvoI6QyGACkazXV5Th,32
5Oau1mbhTC2Dj6QvxNAJE4,39
39lUJE0esEoBZpcYiEvede,43
1wFYWuovdGU4PJYtebs03j,44
1CEjdDJCspyqQjPC50CrzF,0
0FbvtlwZONC6krYX1qOGxo,0
5SC0415RIGVX9ZfL0tfbAl,41
07RagZtMuBbLBnaWJbD52h,0
3Bv307Re0aS7JdkXrfh3N6,24
4JsocobSyUcu8POX7dPcrZ,0
7pb6V5cRrsPzgeLQRaUA8U,36
1qnEwPuG3l4PqRu8h3ULH7,0
006wfSK6TYpZIFU9yEzPEo,0
2RLFSPcgm9xwm0uGkJO9sZ,0
7liGswqymvHdcDREn3FQDz,39
6r9NyM7zvZAl098Gn8ezoK,0
4DR47uL0VrENkV4fuTMdOE,41
40aG9ahuLnAv96yoFG75Uy,0
5GBcqixIFDPEom7AUNbFiM,0
39NEuln6TmK8zGylwLpXKT,0
4abwiUpsVVtobLoW0qyZfE,13
6eQ3E3mR87ybh62Ud78ya8,0
7v0FikRO5HniiN7NV5Ciem,25
3bzgbgiytguTDnwzflAZr2,68
6c0G2PrhBQ5nkroM6xtawA,2
2wOWfpfLWKlMQDsyM5UqqE,0
0tgsACxUMuBElueq2YRe1K,0
2MUCVucJBombje6LnIPzjI,0
2OGhFDCXNR65ch1qjAs5JH,0
3h5MhZP0U9dMrluzIcGeIv,0
7n60CxUUyChtRksoF0PekI,20
7gZazM80DtQjZyFz2e9tJe,50
4Rvzx3X6hcDb7nty1IzVP4,57
3RrYgbDy6vDrbOX8vdnQjt,0
6jYfRAJmHkycharyGlu9yC,28
6x2gG7Pw1g54ZjQWjiAVCK,0
3nNhC8ee33NYgkoXOSBQmR,0
1mW2OABj2H5v07rYBjn2oa,0
4xM1pUHZp9HsuKNxyOQDR0,0
2VaxN2BC8eAWbI8EnstcOL,0
5Wf7Jndd2oJZrrxM6CEM8m,0
5q1BjSadVkASNdJ4neVmt6,0
48EiFj43UX4lxakWeSnsDf,2
5rAKpmOCOjMwkMjBpTGVQw,0
1uduKWAToG3aqB2gAlgIEo,0
1aal7ffJzEno4wRYhbPZhx,0
5xZnELe12KnPt6Y9sl8Fvo,0
18jSXTjKjkk5paodrQ1R4S,0
18ez1NpJk7PaaGPDBEJF4H,0
224OuhZ1LThmaYGhD8ikq6,33
1WuyO8qwthV94n8A4crVss,32
61sGO58ljdDgD4Mn6Bcj3P,39
1c6CUNYkv0uxnnJdZneWBT,28
2jCjUgaDh9lVGju6u3cGvK,45
6dB0xoVmvoGEeQQUo6yo6h,15
1LHqpSFkhdATygnTESRofL,37
6UixeNUSjrBnxeYV0ZuGHR,0
1of8Ee4TCGDjPAMFa6UTrY,23
5a93OsxGkd4K2zgdflh2vX,0
5jJiMVMiUB1oJpRRSWKV0Q,0
37mrK3xXqshDGqoIwzSH0b,42
6fUnZqjU3bwBOZIsQ4kN1Q,59
1nKs8gXgXRPCaQAcuzM1D4,0
187UNqZ7MX3neMYkkevmdm,54
6swV0WUnPygRIMgEKn6Ige,0
6je4jJGbrqPhMU5jElfSP9,19
1hj1SYbJYdXloRiSjsCLXg,63
7b8DdSl5yUVDlitShfsPmX,0
6LBiuhK7PZKjVXyMfPxPoh,0
70151jfPf7l9nJ8W9DpVZ8,0
2Ux9Grnth3hkFGnMnfOwau,42
1vZ6Zl9iuSxYlXwHixtaLd,0
74r6JJ97ipO0CREXP9PMqZ,48
05jaQ9dF7sGnYk2kpRP97s,15
4psDRFbIlUM1KUb1omccXo,61
3ud7LPjrdJbvVk3Ray5du5,0
4Yj84jQXVBtQnEZFNshISl,20
7I5NydNFWWWuDdsiZ15FrU,0
3ssz8pi55szsiCBRpJr4xV,0
0Vn4JbhM8kzHTEuisIQUzd,0
0m6rtQLiVbBxhCMbxzefut,0
2EL4Tqtj9eXAjxcKPDIyu1,51
5ByyDZeoVlhzq7zMOux9jo,0
4WmTVGNv1xJ0rHeolEFnrB,0
3BFHembK3fNseQR5kAEE2I,0
7DgEJITadpN4F8wblYdbnJ,0
0SDnJdo4ZrXfyRFYJExNg0,0
3UbwOC1OgkpGXI2nUaj8cm,41
5IW5ko3B1W5doRD3YH9DV8,0
3D8oReEDS5wROmx2DbxX0z,0
34SDKjouvmYN9J0biU7D2J,0
16m3S8uDo5ZNLEekcnOSxf,0
1v1bEFD6ZgEvAbrMJqK1Oz,55
2W1FG3831Z2n7SpNzPSKPC,0
6nLIBmsA4HDDZCiKeW5OxE,0
7oc6i8xUILaWwQ5BJMZS3c,0
5g3zXR94gxWsgAcXi2E5r6,0
30Z5uY75geeNUssy61yDCT,0
0uo6U4u3gt3ciHVIDYFSFh,0
6cjCnNChhfJ3HLiIVfjZPd,0
00GWXlduqhosgQD8imNuE0,0
5LaGrVnD1pYlTzs87oqbdb,6
5qZH3KbLyN4QrWvgbrTYju,0
7zM3tQ1Teve0JkSMUSBNbq,0
1K4HO2nKwsJfZd0QmJqA60,0
6fwAF6fFixFuorCKBnUcU6,5
0o6JSSMKtR25owFCShnbwn,0
0N3HnJ7Jw1VrfO5TnbNWEA,43
7uSaHPXSYaRB3FxLOmatG9,51
0HJZosBTJieVCgFy6eRxYq,0
75vbiYiyVGVuiNFKB4XYwv,15
5tfEMJRMXkGeDAkg8tE6h8,29
4CZVGlURM8vncG4ftZULTS,0
7nn2Iaphg0Vc1NCGULkhVo,57
6Xu470gdLgDOnFDj5qND1N,53
3yQALjPqPdFIAnvcJyIV7l,0
6MUop4oMi7GzUW6safdk8t,0
0jzdHVqeEwkLR3vywje9jr,0
5Y2XPvu3Z6GJAYor4oZOqw,0
4FC9qI04vobItNEKVeRh8Q,37
1KgiVPDV0v0pn1MslihNHB,0
7BIPjIC4h4mXJZjeFIFa5e,32
4JE1y26eNEp6mRX2J9nq3q,0
3vZf1CjASp48AFMJ27VKMX,0
4h7jMclsPgd6dDVJA6y71K,0
471LijcvJ7tV7ePoX4S0RE,55
4tYYzuDqTTIMdoQ3i8NSTj,2
0ac6f3UHrfi7d8jo56VUOq,21
2UZS5geadu2rZHe5JcUbfy,0
7fxmKgApcmXOVOlXuNEsQL,0
0fwTqFHazJKMS292K6Bs5n,0
3eM1KTKmpqrQOvuvYY42cr,49
6T43FZST3rD9GtMJrc8Iiw,0
47VY19Wigb6VXZael6GLNj,0
7uliWNOh0bPbq91V7213Yz,0
4Qohh8LwXoV7ucmjCU4MYL,49
4gPKZCPPAgk3j880b5fvuG,34
2nkto6YNI4rUYTLqEwWJ3o,79
3wUv2IjD5hPrqlPakpczQa,50
7aM9uiOOQd6oEzM35ji4hr,0
3mn8mLqRknZCD8o7Ruy4BN,50
6UHXMzvdMzsHM0qvaE7QQg,26
58w0f9JJztUe8vXg9C0WwD,0
3RJeaVtgDMLtwOtvj1kFcO,4
5Dza3IgAk7fCQm6lAFmnQ5,4
0sJ8xWv7eHQ3mFlwXhNKjP,26
1udLKdsDr7GRmJU6Cxyt7j,0
7xU2Lwonb3kIjl0skBL7sM,0
2EW62wexLoNEOJdFBBv2Pp,12
0VpyygiRwwIUPGczcqWiL2,33
6DnhRxMRZhOntfza34SMzH,6
0xAyJehSXkttKW3dS0BJSE,0
0RMadcU1dwgFxcVr635k55,27
3WPp714N8Dh0nrvL55dgdF,38
49o0se7P1QNHXkN0dVD4Ao,23
7hBTFzinPGeEjPf3YuOUdM,0
6rPRaXe47IK4N76o5PGtwk,0
6IL255Fo26vyVmQmx19DrN,0
4sLW75k3Wxk1qLngTkmy3O,29
2oWlTWrA8OGhQ9t3br8Gjj,0
2yegc4SUhhXxUXUavLHUqL,0
6XMTRp9sURjgP9g23ppEri,0
6YeV0JWW7g8dDf78jFIe1e,39
3uEKk8SgHg0xogR2iRKjrK,0
1Rsw5IE3s4PRQyXdRbsWBa,20
5hfM440MwTIhPLuXd8Y1tC,0
4y4K9NOzh6KHLuQ5OVwS9j,0
4UjcMSiyv8QCiZ4O8gpzXS,48
0RffqgthNhj28TMkTUc4h3,34
6zWdRwYjPlYhBJO7l26Nn6,0
08gjbWavfXTjZOt3FkiiRq,0
0neqylYFL6s6Ikdf3UFmUo,0
6TqRKHLjDu5QZuC8u5Woij,69
25irJgxRNTlyg8pUmWfDVG,0
5SOXUCra2NCxrsBrgSMRWb,0
26fCazfd00nOr8azUkgLpF,6
3rPYGgkKveNxWMGRUKtC00,23
1MYt0VnzfADWFIfdkCYeRe,8
27N4mvjnIg7karkp3LGWXl,16
1B6nlZKCMmawwnnijTeH3I,0
2TKsB0j63p4cM14CBqPEtq,44
2zrAbQqvYvTzWf3VZm0kMU,0
59euB5Ns7yGbS06OYHwxRN,60
7J0uECwRkAFLiZljgYFq1w,0
0VoorTgcwMRROTmmZlxPSG,0
6OGzmhzHcjf0uN9j7dYvZH,64
1A9GHoaKgpio2sLHn0XKZ1,0
7xvBUHu5jJ7X0wdRHudLFD,56
7rf1qZJ6hGSlPN7K9ShsVV,54
1VRvJRadkN3hOlo8JBtuUj,0
5d0jqQ6ipzdFI8RmxAsReq,7
7fnTiSzHCHm5T6wIhRWKqe,0
1rJXQEZ5DnUalRSPB3R0WO,9
43tHn5hSMMX2CeFHq3D4zW,0
3Oc4Ux3jcaaRRo2zBsHBxL,0
78p565RW8LQwh4m19MFNhm,11
2EuNpWPHZD4V8uoPrSB5BX,0
71QyofYesSsRMwFOTafnhB,63
4QzwFXkYn1onuH5wr2AcYY,0
5R95BlKCigU0aC7doxO66T,0
2bfWH730j0HtAJrNcg1LuP,0
342W59G2Lc9y5bNMMZHl7Q,0
5F4I5eUqVK1CpQbzt1ntMC,45
5qHWTMjuNTG29WakJzQqLT,0
6l5kVSQmW8EYQLL4P96g3n,0
3PJg01ChGJOq6cYQJUba3l,0
26qHdbJuPxy1RabvHs6J5J,0
29luvT98TnqHjVDYSRbbrj,0
6jjX8mGrsWtrpYpFhGMrg1,65
2fI57P2lZ5TcM44rb52oZg,30
1N4pAgoZjA2oGnh4bTk8oh,50
5SJk7kSbK1ExlrA06MxMC5,0
1r54Eoa3RYRoQz55MrC5vz,0
7rBLvpL7ZWi1YCSXSLUZKF,0
1EQy2kR6I8qYRjQOHavaMQ,0
5mQJcHi6lDpFOAjgfmiAIv,0
6fWdqAV8p6rcdwGuSfgGNm,0
7wbJhbCvhPfbK1CLAkpq25,3
6jC18MzOHcO7dcMlvh5xUH,0
6i0zVdkCTxAYOKbI0c9IB9,0
65JUZwlOTFaV9clxezkTID,25
61YKu9dRRskWOAT3ijKTr2,33
1YgcGIg4IYFYtYNocLUnZz,0
7lyFqWFcHcQCk8YXJo6hiK,36
0JKjuvDUPrnlblAZyB1Aje,43
7q2B4M5EiBkqrlsNW8lB7N,78
47XhYb9TJE3eDPttsrMctp,0
3LGqUhFfPQ26PLU4Ok6ZpU,40
5oQxcvND931BI5BeiQUQei,21
3IdBHbjMTIPcknxgbqUxub,38
5gvlpKnnINq8Z1YICdtiBt,46
69g3CtOVg98TPOwqmI2K7Q,59
246curRj83KTjnb79BzXaJ,0
1DP4cKZIQfhxsbtY01wjDt,24
13adsFjbBOQtjaf29Y6w1e,0
1n1aR3Vd3Te08PPflJe3Sq,0
2RpmZvo7tIJsMaxXfj33k2,32
3iYt6rWm2UemaSAqnsYdad,18
02pV9mCJ2PJNPVWyOFTv37,43
3Q149ZH46Z0f3oDR7vlDYV,0
1CktFOABmz0xXtRKUojAJ3,0
0v4diJ3i537NrsCu9yfZsa,0
1Yc1t2yclQXZ6djjYMOped,29
1P8NvRvykmDrKyfglMerMv,36
43vTvRPfhVbwDZcFBPipjn,27
0KZuAe3xXz2Pi6aOl9S8Bp,0
2LCCg172ZNVAA9aFH2EPst,34
2LlpsGgyRXwpGYSrD7yuFQ,25
2ghHOBwahyuVT4Gk0GhiFA,0
0QjISumvhCxsPdmy0MsauB,0
653uPxZTR0jHkBL0cuxkfv,11
1PDX0hMmsSdq122EupvNZF,0
00rLhuzj6YdBUKKnF8f4mo,0
4FFmvgHX2R9Qd65Cyedjpg,0
0PS8yuHp9CAqDguXPKSJAg,0
493HYe7N5pleudEZRyhE7R,78
14CmdyJQrzGbbqc3XczgBw,18
5A6bZpctbZpLBGno3O3M3h,22
5ZmmS4AcXQ4eBYt8aWqlk3,28
2YnklUr00pBvhOoV33nWrV,27
4YtTX4GPvBvewbJvBfXCS2,37
6MZYX6ylSeEGDL1DOXGoQF,0
3rPC5Y8e9S6dGGkWvRYPRD,42
6JiedQ4UvuGP6YZsUtJ0vd,0
2AvupjUeMnSffKEV05x222,0
64J8girYqmK86ebqBayrjQ,49
2p3G9d8faqYddxZ9B3xANG,0
5Vdh9NszWNh82xuzTBdNHO,0
33SrsvictG5kre4bncj7vS,0
5CvK63NJiwT83pP4cJVLlW,0
2XYtkhFpj90gSdbdmk0Wur,40
6er3PO1yqbxkIkNxhO4pRW,15
1Jb0Mai6wNFh4XOSJpyg0I,8
3t436hCDDhCXAV3nzHyz40,33
33epNBHeyd6WUmxQin75gl,0
1oWT3kQdxBlra3wBwm3kBg,28
36e5cCI2WIyXp8TXPJ4rwE,0
4S8Ok3HJyCDUSEPJV4kpIR,33
0Tfyv7ejRsl3zr8xm16XAr,0
335vcloeLtdBse0LoXZwqd,18
1UIlzhqJLiA3f6OVw7QKn6,58
6Pqlfg42Sc3ElNuyt5NUiK,71
43uf0nTu6b5ReBCoQkLtsF,51
1BIVkOyg8GD5aoHkZ7phYD,0
3EDPLEYFxnHd6bfQuDkvve,0
3h5xbh8vkLhKTdZs0JZ0O4,0
6GQ7V48DE96ko5C490skOS,0
0GGP9n1WFDvKLPo8ewdHFi,0
52AKhKgiYZfuEWO3KCrQ4D,0
6uOfkaR5gaGGRCrwPHS7si,0
5a7Dn74V13183Gz2kcR38c,0
5XqEf16OrHdmMoNS1b6WDg,66
2yiX02xQ3Qo2fDXbfEQeS3,44
2jXthXcPiAdhatxYPv4yPk,0
0JpgMPDMLchtIbiOaQ31w4,6
2yboV2QBcVGEhcRlYuPpDT,78
2vCWHXLetotBI8ETx7TICg,0
1mtWvoEOGCTV112yCmJayi,0
7AbFCH9Ez1yn7mOpgfiNi2,0
6rvaB0w3uNwp0SMXSonlOM,0
3gV8eLepeermQ1pvm7q0SB,0
55HZ2ectg1mMTEKDqIq3kC,65
7xCJeGhgKTHkkEBNd1gEl7,0
59Bbr32pMTFHlUb8Nv1Kr0,41
6FCqt47NxaghoJfJAgD9Qz,19
0v9IUoN2uG3NlAlGpR7qQS,0
0XFn1a2o8QfjDStZF8jMoS,33
748dZDqSZy6aPXKcI9H80u,70
5UOaWbjsdPwjPzzQbCGPWl,38
4k99HINH703kSMGV7Ed82U,0
3GacQtVBuYIFv9abk5Qyxx,16
0BwWUstDMUbgq2NYONRqlu,78
63k57x0qOkUWEMR0dkMivh,0
3gPlX9Zs3tXZZKNCyoOkSm,59
1lQtwa5IMq5nLU5DDQeeGh,0
7EyZdiITow7uuRIoUpWt3F,0
20qKdNDzBpEufa7kxow6kX,0
1OPLY7PsQ3rU44sssQgf0g,17
66opqouNjfCMZBHEEwrfv2,0
0QYKWEsdHKdLJ1kmKAcCRL,0
42WVQWuf1teDysXiOupIZt,79
4kVLNvbBwQV8uAOZBF3xIQ,26
4Bc3Vi6eMdJKEGN3haOTGF,22
2imhV4mKvM3ZN5ypJw4xxF,0
0E2PRylgXtTZsZMPk0B9pG,0
56sQ8Y1NnWEDk6dhrzErlT,1
0f6hzFs6zZ02EmKjS9bdKN,0
7lbtNcTFsXyA7CRCJpgYIz,0
0Rxab8t0y7GlaTJTHX2wEN,63
5qUlPoDmNxCSzqVx81RDLJ,63
64J4rxjBb6J1gz1Sf5kv25,0
4vaoWkII6C1qMd9HUbQBvX,0
0bCeW9SGvvGXTHzJ79KqNL,0
1D9L39944TjCRUuLTYJqBn,0
00kd9o0niodqy6no45HntZ,0
2WNrT4HGWNJy7xJCZ92Oot,34
61ZPe3vsBsjtOEluQZlpwD,0
2Vxy5giqLxXwrbCchGFTLQ,0
2KSmpFuIe2nOYYVgA7oa9o,0
35wdGBGqI4YJtnysfKvioE,0
3usnShwygMXVZB4IV5dwnU,68
5C43gaSbWGmhXjNzTwvo2v,0
1fFfDvUfdgHcc9BHD61PIF,14
5z090LQztiqh13wYspQvKQ,65
4CzT5ueFBRpbILw34HQYxi,2
6qwOcN9wZgVF0bishcfFsh,53
0wzmqCoQ3rZTuCuIwK1jKp,48
6EQvsGSCwrxl8bp3cvWNzy,22
5fmIolILp5NAtNYiRPjhzA,46
2TVb3PnbULiYIxHr4Oje9P,0
7cYMG03xlGijTN8unU2XlD,0
0Nr3jirS2mbLRP1s3Fn11N,0
5zbzqL7RTp3KlJ2kIqbi72,0
0PHwgJuLLRZP99sEvkkQUd,0
2olEahwkU8ybP6rHei7wlp,8
3bF7UefpUmG1BAriPPLLez,46
1y7wSbPgFFeLxbpf5v5CIY,42
3R38w0nQOzuI5mcGPNivxm,26
2N0AgtWbCmVoNUl2GN1opH,60
0zyZKTHoeDif1NIMLzxEBV,10
13QoXGJgs22WiDG1NWT00D,57
18zk9acAR0pe0oa6xMxd5S,0
37uqAKt9dLsLob7yomDWY4,0
71DEqZQPK1OhGtZ9bNtbcc,0
5SqCyY1YmSdD6H5SjQuDrn,0
2HzKfMDKT0w2wop1Ie1c3e,0
7q1uNF3HT1wTjxuMW0rFJn,0
26oflCnSLOIY7EHvmMegy6,0
32Bc5WpUt3ic2fwSWv9ILM,0
2zBKQ1cgodDhsAauLqkLnB,0
2lTMJlkdV7zZu3vQuiu2T5,27
14Cg67E4Xat4ddbFGaTspf,0
55SOUTkB68h0peHJBoW4JA,1
46xmphHLldxkMVx79bd7D6,19
3tWaxq6QGN4jkrrXHcvNBA,0
3J14woMVVM7XVWE9gGE3ih,0
6rx42mWTp4FiLqt93ymhpu,0
2RtYSN590nisDeVMevJsrr,24
0DI27qIRQRFkXrMvHxj9yh,36
2ByJO1FS3sc69kvpcBTRT6,0
4tpG2K3nqcrFNGBikX3dc0,41
3w8nFeEqwsgAoUxodM0NTr,0
4mtZvpJJ6XXy5GbDNSCPHs,0
4S3RkqoL0k5MKpJJtffWZz,0
63McpWDS7P0dF06fqXQMCZ,0
1BWVeouQoY2EktN1GHA9dl,0
3ubQZz8WgIfvjSoekS5daO,0
3z1HZauxcHOFL8OifC8NWQ,33
5U7ovzAy1H5vydRxNNuSl1,39
3H2062vdnGIHsCoXTlNFT9,0
6Jv0VIFX5CMzxAK6JwAB23,0
0Q3E7y6JhymAaBJelyhXTJ,0
2KJ3HDCconIBZx1zmRVP8t,0
7D6yA9bIHEgvgJuXhsIlZX,6
0791s63y6DMl5cqFQSaHJL,34
58iNRTaHQbnlhhOJcGgqZG,11
44KptSzRynH5IagamoLuUc,0
54UDcBALhfyaQ67fsSZrkQ,0
2GFU7pCOK2w7vup1Gd5OiZ,1
1Qx1NL1y0L3dKAtR3JbPiO,26
6X6xLHElxV7dpIIZ5EFHDM,0
7kUP6DAFJrukeXaVBaOVBJ,4
4HwJtUuaLTfl9eP8iYdIjr,39
4T0FyjXseq9XASjEbxMTVW,0
5zvy6zyWxnUUyNKnTOVrad,0
3GMZv1nXBqwMeIyE313l9E,0
1I3yZhjEqyeBCOdQUOnHK1,0
6nGPSCWlm9qQN1xfER6yJR,28
3SDSr0MsIZ4GvUSkBlpV2j,0
40nDY1UcZ75tlpW3tHsM9H,6
1RroB11mvE8ErGgTELQrPA,0
09fggMHib4YkOtwQNXEBII,3
4hOctCrOZ3QrGUNkcaLRRl,0
4Ysy1MEXCD5HjO0VBDfBgj,22
19jOYgqtWDnYUibjf6dS62,20
0ywadgXZISZOvSyxJ7R3W5,0
3qcIddqx4v69RvwyY5hfSH,0
0Z1TmuXS8XNpznM7c3F0BU,0
0yXdpzBK9MevlT5vBjs3WB,23
0P6RxGI7fjgjZJufzJEWXy,9
43RbK79xoUGDLRlWyKppKM,11
7qIuZgsMkRuh7rzi4qVcpg,58
1UsmQ3bpJTyK6ygoOOjG1r,73
5FCNQAQLw46CKYbv0n2H6V,37
3c2dnQRrresDwsCPLLdmB7,0
280hvW88mUFN9tUQOMCLLZ,0
0y3ai6LH83qeeeCbmpaIvf,0
5edeU7sF9qIlSM51qo6TFX,0
4PHMf42gDXldIbUB0tMfiG,29
2jLNKZ0HQJ4OJOprvVkDvV,0
3wxMmUmH5FPFl0GfbAtWRG,0
0oqefS8tHi0qoIzCFHkC7T,0
52goZCyiDJgTKOKTiPPlAX,0
1eR8rHHmFDMHt9fziY9APj,0
5e7viVeQDCeKfrQoI3HQPL,34
0jR6E4KQGrVLbnG6Fw3pe9,0
5k8evXM0YJNZpCQ0dMXGCJ,0
4V8NMwzyLX0ENSXq65gNRC,0
7kkbhhchgAk4fY52hixXoz,0
4dB2uBf7IEazBMreDVZmB2,0
3D9JqZG5Q1ptOJr8ZQ0j7I,0
5QHgA2ilExKVgv3bJsytVP,33
4QxPK644Vy4FQrtMF90CMe,0
0qdxOwxupH4fh5aWi02s76,0
6g9rKb1kKlh0M0mS34kCSS,45
1Nzrhza86YlYtO7c54q9tE,5
6HeyW5oBSlc7CrSoyJ67Fd,0
4b5Md63obUODg2wcUlVhT9,0
1XWz4cZ6Q6YW3pOni2b49m,0
2pDkwIVnS6xnsXvHkdUw5a,0
66FyfnSle7a7Yvuu8qwD8t,9
5V4Gz4FIuWSwSNSgamVwkJ,0
6TrlS4jRRt83HYjUKHcNMd,0
5xFm6nI7bWRcZR1JktaPbC,29
1j6BhEKTVua0gfS8iuJYtv,18
27YyTnvETcUC1cjYtQ7JP1,13
5tYoNpXJMWxs817wrNUv9h,10
55JKU0lXGcxmml7S4OacPa,5
0YxanyYqRK6CSC8MjLTaGF,0
1nRVQ0yaVYEe0pQvIH54jA,17
3Nkafp6ZTb1F0bTaAO0ePL,0
6I6jAnCBZZOF94RIlnrD7g,0
3WvQpufOsPzkZvcSuynCf3,50
08ipn1MH7xqgoqhUbtvCTy,56
2toKJsZKkpGclN95XA8UhG,0
6bxXFdOBED8cMa3mtlVNzu,0
4ktls31ZHTrHwMo5OGwDGd,0
6jHuoYWYIijzSwpDewR9ia,0
0W7MaY0ei485liCVN2puOt,0
0XLaZm4s17I6WPratvpZfc,0
2nyOnMxNFesS4LgbiTJLng,45
7c50ybiNwXRhi0nEXF1Chs,35
0VWDxRqfRmC5O6rW6Fq3ND,0
5M31iLPzYuYxkpSO5tBOMN,36
4tJPWT4r4FSKwy784Qs1Fq,63
2bSxdbtp1zAO3yc7InSlUH,0
4TGSaAeUH3oyE7eRHPT57v,0
177kWWNUxsW0MT8ZbCi4vt,0
2UJwKSBUz6rtW4QLK74kQu,72
2yMTF5FbgqZdeYRwmftyHG,0
00qfvkbfCNjaFLtgWUUBSu,0
7F4UIrVPcZBFRrUrgoPtzv,0
0JJqXbBj5OYCJuwv22cIq7,5
5fqY7CMQ2YhsVDUKLMXHQn,0
1XCSEtQfTQmXNgAxSQFk7f,0
0FH3WsTCWaDmfpEojJ4sN2,54
2xnMq941CJatLZdlCSPUSw,0
0CDbHMx23D44bHfttcHJki,0
60wm2J30LkOCPkD7EgoldA,0
2R0xn1WY8uObrEB07JJiHs,0
3999wEbpx68xxpkdMKYTys,0
5Gi38cnBRQnE41kt3rmeiE,15
6Wvkkih58R1C7HCrdoPW9E,33
59AdnGmMtTLoVNJ0lbrLUq,0
7rpLc55Vg0N5S5drt7MOMt,31
19xt2EkDfNcbAdQzOVUttd,0
21m7s6qWpksbj6l08OM7Pu,0
0qiop0l73dDZfXckujBG7k,51
4oVpqMqd0A1GPW3RkypqXw,0
56l3gqFcp2IDD1uQlffjuj,0
5eYfRyLkXfoHajvVpjkYrc,0
5OpMncQPaqLOvFkwAiTKSY,0
02BHc36Owcx6BLdaYTRaIt,0
27Pe6yBUgKYYXILiT7Cj5u,0
59GlUa4kNi44chaiPOquOn,0
11mJVWvXaOcnrdyX1dKjSc,0
4bYe7wIj8bQr57ghYYyPAF,0
6IH6co1QUS7uXoyPDv0rIr,0
1hm3SVo1nYC4Q1RPbpodGX,22
4qxio5jGQCpGls1uMA3j7d,0
76254F4WYdKOm0pVAVvp0x,17
4pGa16elDzoTznDk1Jn1Zj,0
6vPIRbROXcJgdXdRvkSdb0,0
16xdvr0mkBEIV92FukR70r,0
2ab4UY9baHxmIktiH0QB4L,4
0c5079QHOWs6VFYPGyrg1S,0
2PsFbWSt7nAwZuO6M6zeMU,0
6Yok6Vb8HTdoGf06XRsBsn,13
3vJmwPN7O6i7qsi1jNKvoN,0
4VFG1DOuTeDMBjBLZT7hCK,58
0YbpATCIng8Fz2JrfHmEf7,55
6sdq2c3TjxhSwGN2mi2F7p,3
58Qn0fNPQBC2aYeP6XkQeb,27
6BtFnL80q39q0OcSBroqwy,42
0qtb19WZpYsh3H3WeNZ1MG,0
6g86ETFJBa1KiFhum0lxA1,0
0p8jyGr1VTlYOuPt7nSDkh,17
3Jt0oBSkfXOZdzyIzv5tt4,0
27INei1fcKR57nkcU2Nnj8,0
6l55Y4XwLY20Md7Y4hCcY0,11
4oPCq304qJt8uLOdJxF6C5,26
4HaBsUzmicQJGUBBAeM1vi,9
6TdlxPDDQWz7w5pZl6HJeu,0
7bbIXHAltgYDRiDN0uKnKu,0
6vw8dbzcZ0a4btA4lGBLCL,38
4s7qz6sSmn1gzphGM9P5dK,0
5mG6Ful0k8lBjMtrvKsGuF,0
3t5whY8EzMnhBznrv1bRLj,0
6GRzmk9UGL7odxprOPop1Q,53
1m20IgKUICY4cmLMBFdtxX,32
2vgJ5TE9W64JNZhPiFzYRE,0
4kT3ewGWBRAOlocyVp03bm,0
3hARKC8cinq3mZLLAEaBh9,3
42oQv8fbI5CbeuAasf2ILC,52
3anj6rT2aTYuKFaTp5Qgp9,0
5HqHFI56rybB6BmdMe0wWy,0
1WVlPkZR8lVDyYIFTTpJ9g,0
088fVUXqRLO3CtfkOFfYWg,0
04m5xYrkOmtW3jDyvrfxwa,26
4OyGJK2NkQ1qrGgmkpkRsb,0
43hQRnuVUstKeV2uc3DJXv,0
0d9pwcDuixiZHEcxwnvFNU,19
5gBmvBzVGoP96jbF4OfnKh,0
749mOTKulf4JWQPHDATA9Q,0
0WutfQP9wB27JOsYcEelWH,0
3R5mO4ZRcvw8Ouk4ocCEtO,0
7veK1vtdqcWrmuyJeuIY7Q,0
1355FmCtrXQa0VeMd3eMzT,0
6fHGGxVizWx4zsW8yR7aAU,19
5vETVfLhFifB5NDUuY0v8R,0
1Ye7yrA7vAlQnoooj8yDXb,58
1QzutBU1luuxyNJi7CCHqI,0
4KqorQ6C7yDXvqgfgGrnvm,43
0AN2SiaigFwvMG5L0JZCbj,0
0oY0JQR52E8uSBBBUr8x8b,0
3uXBEaRxMtb1JeWvTsEtw3,15
2Y9IRtehByVkegoD7TcLfi,78
6deiaArbeoqp1xPEGdEKp1,76
2Tyx5dLhHYkx6zeAdVaTzN,67
0orriotaN8Aqny6hq1H2X7,0
1mdkRtcuxhhZELUrgESDtC,14
6DXbJ213F5VGlyLJMS9XDM,0
38G9JqlztibTL7CtMyHpGp,25
2QRv6ew6ZAqc846bCc2faL,8
6gF9cc3iPkzR9UJYvWXEfa,0
5e51ZNTUHO0ylqJZKqOIgu,0
2pZ9on4p1HUE4OS3VdcUnf,0
0p8Zy0wEzDYiFDcSt07UHe,54
3JPasEOtMkW7URgDN8eD4H,0
1zE1Zip8SMSOMRF7kSsQfF,0
2AgTKAULjbHpqqtyI53hdp,49
3Bf3z6ZeEEE3ZR3wyiqTR3,28
7g9RcHiOu1Di3B4Js96Fz5,0
3cADvHRdKniF9ELCn1zbGH,63
3q7rkjDfYI9J1IMaWMbRTV,0
70yhBLfziwDSFCUnZEWsrm,0
39XeVp3ndrKuDAQBxnRpL0,0
5VnzYYFkjHmIDZORKcfCK3,0
1euz2VK3QEItULCCyhoDo6,0
233CjjNDv5fzytZixjAKwe,0
3rCF2cgw8eRPtvRbcr63Bh,0
44vQAruKA43qXJI1iiybOd,0
5mbAeqMcKNpJHDXTLOmRRw,0
00kwgKAmGrGOca4DxQu26M,0
6BAQ9cYT1crGWo9Aqj2VEN,21
0cLzuJG2UDa0axMQkF7JR6,53
7zURSbIVZ5vl3NIKkrVRvl,63
1To7kv722A8SpZF789MZy7,70
2ymwUMeW3BySLhKNp8UQZ3,53
6wRasCHEWubnqxdDlUf7mo,44
4Kpy72LEwrtBwx4y4ei23W,0
5hEmQDypt7E7hJIQeTo6as,0
0ppIg1GbwtR3C4BD3MjTfR,0
6IGDCUkBJ3LEUoAcoTD46u,46
3dBOeMgcV3X6nYcyDKvyNf,0
1LhK55nzJ2t18maXt9Ync4,0
1lI1gzn63x4WkD41okIJZ4,36
71kreixSBb0aUsk2gx0lcA,0
5c2iWd7mbtTcTweUDHIznm,13
5f6Nz2v1DESbpu1NerEql2,62
6984qobMIA7uMrRKA63UCL,0
43K1UH5b7waaNOvLy4BYzm,0
3sR9Ya8XfKzpVlLcVFnFbk,0
48AO9mcRyFRYyTH1KMg4J4,0
1b0qmJFcA2mcll9MDWhEQO,10
1QMnpTgzloD7PCfsOISDii,0
7aSjaEi3OQ2aZemcJDhMb1,57
18FmT0sV1a3wIztWGUQXfq,27
1IMBoaFPmzHBHQjR8vVO2v,24
4AMs14GJ3NTtbnxFyDffR2,17
5ih6yrp3o9jjWiSi67SPAX,0
1AgOPl14j50mZ7cNCmCaOf,34
6iI212DhxMBlaIHfU0yeH5,25
6JYMpRz7M9T2JlkjKHmsdc,55
27YYC6n3A2jQjsDFLUsScA,0
3hqkL1FQosgL8PeOeGUmYG,0
7viNUmZZ8ztn2UB4XB3jIL,7
0koZYtM93uGBsPaD2uqa8A,0
4YVkk4vZlz062jC85poK1u,0
52Us0gT9wf2yGMNlwTATGB,0
18Ydvc58r6H2yXDWopGGZs,0
25TUVygHpPTMBO4qq22MI0,38
2lEDwGmnDigTwgVlUoSOfj,26
3kGbxqlVl3LqjifxlubtcT,58
2Y7NqKE0Cd2GQg8PlaYwZ6,0
2nyi14Wc346NZJFinFetWx,0
6otkaIE1aWQcD4Nky3wVNX,33
1AQE19wKZonTmYjOFOJKTJ,0
7vkJkRUh0pk06jOLZoA41U,0
4KLuUmjkgzciF7kKw6Ueqd,0
4FF156Qvx9uyZY8ZMDivqI,0
4GAdF0fAOig1zPvo1GTdUx,27
6NbE5oWzykUqHAHWtBvhOB,0
4pefQ21iSk8hdnxw3WSB5Y,0
2ulZfOND4JRQiNxK0wki4z,28
5EOAvD6xmE1g9XV49wFzNG,0
4VcAHrICchhdvPO5OFeV92,21
491nqeQg9QAuVvPuQlGo1f,21
1h19AU04eolAfpQ3ywiQGX,44
59ATT6o8WWbHkElIwkqkVN,0
4ZO8i8JRijLxRvWRRj0zL0,0
3nWffZ4wFuVIrlihI7TKp4,0
3zXR5GOXPq0Uc7tWC9fO3X,0
70VB3UP5201lTacRnEjwwy,11
2Qte0SXVglEr7EI7rQFADp,0
61KTKfjFX7exj2Od31ulYA,34
7zMAg2npBmnrWIG2so4AcI,0
4fKloYEEuG3ckFoOF8glRj,0
66iZO4KXgVmwipiYvho9XZ,0
16bZ106SihHcdCVSsXUv7z,0
1OLvgxsy3tQszCucVzItTj,22
1GC2aGzdmi4kAtpSwo1p6r,36
6qhVCev8FFYvmq2JebsSxL,0
4xzTcKOC2PGXyZUwLb3ik4,0
12m1C2827GQ2Dlh7kEAPgP,18
1auJY23R5KD9YEgrvE3HQM,0
3hHGVdYG5vK5djvreF0HQ6,0
28ZKQMoNBB0etKXZ97G2SN,3
5ghkj7TVzwmSryfgcxRphV,0
7qKcmy6C0MkAjsmaHbMWaE,29
270EEENu5KbVdh7D4E7RUS,17
2UYQBRqPy0mefwl0B2FcSN,0
7ghmfIJeLHIMSwj8VoXnBl,33
3MgxXufbUn2hlBi8vOKG8N,0
1lvwZvotQke1mhZbwadECt,0
6KwC7GaK6R7Uphby8bnmqk,0
1QJP73UumgERuzp3yJSXw3,55
3tjP8SLyGerhquO9eMOlWy,0
6FuLaTw08gPezpqqmm12VR,30
7BEPVoBcHuTLWpcdj8FhM8,57
6bJT6FKHrD5uJiQKV0FCtA,23
1dZZh7PvVgce1DDsDPzy8Z,0
6KxMjoLb9BGNVASPn3yW1X,32
6p60xW87wusfDsp4RXaYYo,0
6W8ZsoinSMViZMh9aYK7gQ,54
5uP9oyMK5lpzbB7K6UeT3X,0
2Kcj5hGGd0Glg0mPFd2AOH,0
3zA1fh1Ecqsrx87Vxiby3X,0
4NaOziiAFQuBUmk5Fmch4D,0
7ApoGBPhMC5ILp5QxNhmqa,0
46dhco7s0wUY0xGgmtnYTx,0
0qc9Pbp37q8x1OP6Vk8OXz,31
1eWzAJzjreZkkMn82QRS5m,0
0HcVzPeXKX6X0zBspqe8nt,26
24SjD6UUmY7VsM3TgKgqeL,4
68zh8sbZPMeJb7GnqomRJS,0
7DLI0K5q6Gb1vgtlgKSgmU,57
7K6JtyaSSVr7HidQsCHun0,0
038nKPGsvy2XCpfMHggOsS,1
2MJEvcUvsLPjsvVgqn8xa4,52
5fP2kgfePJZF4nB1XqC1i8,0
44vJS1bcS3vy1Ciaf3o1Z9,0
5vLIfhDpTmdyQ0YrlnXzSr,0
1dB64RmXsX57irQpWrjZGp,0
4ngKfIliDRLCnLJhhsIV6t,0
1VY0k5ROlGx6JUQbH87vlC,0
1Bv2ed3L8RNSOlvaHZdkzG,0
6iTXdGkpPqaNkeaFUGQSCW,0
5m1RkwKeU7MV0Ni6PH2lPy,55
0JaM60JhCTN63q39HpUt2I,0
7srgNVx6TtKJrgNKMJusxb,0
5PiHNBnyKsjS9A0X3V7PkY,0
6KV9kNSuC1mmzrXKx6p6vV,51
1PULmKbHeOqlkIwcDMNwD4,0
3TDxKWNPGtHAbM2y4TGl2A,0
39ntuIhbcC8rsmRV2qXkmZ,57
0HmIseHFE5laNxm647G72y,29
2Il6nG7cY7C7mRax2KqPtL,30
2TNtdlv9YK1rscn1MgjqLa,0
0UeLweJy7whuS67pQnvuoe,0
3kqO8qX89Z5J2q3yn8Z7GK,16
61809gZj46tFYs0g4s51nu,0
4OtCzrYbNZp8c5czzAJeUP,25
4rKiBz8pX9zmKuEk4NArfm,0
1fb6HtluR0OkzB8SIjJkEJ,0
1YTYZQFaCIum9IdQ8qRJ1f,8
3EHH37NUXM1WAx4JP04XTB,17
5Ypn22bd098nDpKmw9Z7gH,0
7pld66tIGGXKtT0Paj0dIK,0
4P0yjM36ydU43UN9uGuaJo,0
7ffQAOXgCAAfKN4m6hhofn,0
20LmpBWztXlbazkIj4Dvu4,19
4oo1zyAMnLVjZmQoyNP3h5,38
4Xfw4kYE8CxpYVOY7fBdXm,0
5C78e22JgnuDGb0Eto0Fqk,0
3iiYLxi349roViLyQJcCh3,0
45ZxKD3AbXO2AgemEjaWld,26
5SRPTU4NoyRreqvijYeWss,0
3MLXEo0IPlrvSjEezfvtyQ,0
4gp6F03qAJCvKYoAGSrHVk,0
4cmXqE523DNwf81fkUAC38,0
1UFBJkKiBe3Lzjr307UhuU,51
4yaypP8ytl2ghM2kiNSD8a,0
26RLXRJA7aOOffZJGjUaSW,45
2x6s7ooABaADFz7ZTbuAMG,0
4jZI8SruF5N6sKJoWItEhl,0
37HNjeFkPli2zjLFiHISYY,31
6jLeSCEqT7sAo0un1aOpSh,48
1MEa8G0PhyDJrwRrcJ5WQo,0
6oQyLUWtzQ2aTJVcxkS1pJ,26
0pvhletDH7CphbKErUtPCF,63
3Oi5j0kqicMfqW51jqrsfe,57
4j0MYI9wBcrZfhwck4bMrO,38
5HmYiJnUkFuciiqRrAAv4o,61
1B4oPgG5ljWTRxsKcTHAYn,60
73Y9XXqfLsGuVeHRv5ZBUW,35
5VjZ2vTA5ASb1ZIOE3zdDx,29
07iExA8pPReAFXXIIthVsE,0
4dOXhElNaGWK1DDIixJl44,0
6Jtl0nhk50JpGuUjgQO8mA,0
03awYMGLQWIlD1VyDwq1HF,51
0AImCiLf4sbwHnjA1vDwJ1,0
5amivA2JMN7S7Ixpd6oYlU,0
1hSXj2r4RtH2MCAR7ffclY,0
26ykyKCa7xOHOnzLdGARfz,54
6FgLtwm40pMVFdbsL17Qnz,0
5WSPnYTQ6YZ1UvBRi5quhO,0
7MngQ9JUmTsID3UjVKMKRs,0
4yPyDjL0uiVedGdFKW5Zh0,0
5tk8JCARDSP130H8biXK8F,14
4M3XgNZ7WmgdPJD5slCKVC,5
240SJDnFY3u2hNDQe63WAf,0
5J4tGxnV2RZZPLdQKIiCAG,0
3I3so0JGtD7tePyoijhWMc,0
34Pxr45ESaUvUvqD7LPVZD,0
7aot737RLXCnUBTEm2cG1b,0
76vY9yohh4kVwSKkyKbyEQ,0
0rxKf57PZvWEoU8v3m5W2q,0
4V5UppLGiuDvo4HpVsDc8U,0
0NS0zEAYHI9JxlPMj8hxO5,0
3I6L5qZBxU6fPBJ9Q6As7J,0
0Ds6i3h0F9RcYIKAD5Olum,59
555WoCHGKNICMGGO7o1eTc,0
4aABVRHUahNfxQOvs4vZwB,30
2Bb4DoRXCqNBV3168xFmKG,0
7aXpfvnCNztfsn1erE1Eaj,18
4Bpt4fHYxxgqR2GjrxyR6D,46
0TDJRkEr2SrhWTetdkEzED,54
0kBqBH5OQV0ndKNxSdJbNv,0
765ICWKHAVBorNaE5nfjEP,0
1atZ1TiIPZZec0oiyY1mBl,31
3OqsW3iqTN3DlC3g5lu4bO,0
4B7suN0MtI45BxJCDleJ8r,0
0CV6FRQBFNtX3nSDHTUHez,11
3op3qTR07QoH7gQylJmYaK,1
7zesXMFikT4DdgkklIk3Jz,7
7mOJV7aZsEHZAV7vnChUJO,0
4g665Cgypxh0jPjS2HgwlM,0
6hoJhhGxVDDfD4Ntczo9F7,0
6oSHgr3TZJPCFshYUfBDqE,48
5yrhzfud1mGCayLo1nudI9,0
1pO9i61idriAHcRWmPByBZ,0
2YazrE9oJYjpcncr8PJmPB,0
2kAcOxP2shu1nvx7Fe0IAw,0
2BnUcqruNtr4AHEqFlGWuA,0
4AZpJ7WG1RFcimSggc05ZC,0
4VjNSnGmoFvJ4PAlVqlDH1,0
7evm8WR9w2NOCJVpK4H13X,0
32zIcrS8u29WzhG7v4kzKa,0
0rIkPxL8Uv4zb78irBAuwS,0
3QvKAsfOZFm5kEKjIBk1Fl,37
2WVIfmyMWWwXQ6TaGMzEYW,0
1uN4kJ6RJsQz8ZoLC8MsKH,0
715rku55lldqdw9WiEuPgi,52
2RduxHLOLJnCJZv55AYfQo,13
2LAaPIrrZ2ay8uL2h3cSwH,0
7B8fZHqY8IgOM12fxUK9eY,0
7dA2fIc3TaBQXyPtnAo3yA,0
7hOjTIuKBT7tP9XR0nGYCy,26
4hF6hTc8mByUGc61ksBl4o,0
2ekw2pa8kX7A9yDaCroXXD,0
7BtkpIm8Gm50ocm8l2Iu5V,38
2CrhjdQvzrbNA5LwyDVbro,13
1LDjTiRmmBD3yqfQnFZnly,0
5aFg8pibssixj7hVPGTWlD,2
3FAK4h4t9uV4JxzESXllAU,56
7gbMNuFinrPbpcjp3rymgx,0
